DATE,PERLIS,KEDAH,PULAUPINANG,PERAK,SELANGOR,NEGERISEMBILAN,MELAKA,JOHOR,PAHANG,TERENGGANU,KELANTAN,SABAH,SARAWAK,KUALALUMPUR,PUTRAJAYA,LABUAN,ROC_PERLIS,ROC_KEDAH,ROC_PULAUPINANG,ROC_PERAK,ROC_SELANGOR,ROC_NEGERISEMBILAN,ROC_MELAKA,ROC_JOHOR,ROC_PAHANG,ROC_TERENGGANU,ROC_KELANTAN,ROC_SABAH,ROC_SARAWAK,ROC_KUALALUMPUR,ROC_PUTRAJAYA,ROC_LABUAN,percentchange_PERLIS,percentchange_KEDAH,percentchange_PULAUPINANG,percentchange_PERAK,percentchange_SELANGOR,percentchange_NEGERISEMBILAN,percentchange_MELAKA,percentchange_JOHOR,percentchange_PAHANG,percentchange_TERENGGANU,percentchange_KELANTAN,percentchange_SABAH,percentchange_SARAWAK,percentchange_KUALALUMPUR,percentchange_PUTRAJAYA,percentchange_LABUAN
2020-03-16,8.0,31.0,15.0,18.0,144.0,42.0,14.0,52.0,19.0,4.0,18.0,57.0,21.0,106.0,0.0,4.0,,,,,,,,,,,,,,,,,-100.0,-100.0,-46.666666666666664,-72.22222222222221,-88.19444444444444,-92.85714285714286,-78.57142857142857,-51.92307692307692,-52.63157894736843,-25.0,-61.111111111111114,-56.14035087719298,-61.904761904761905,-93.39622641509435,inf,-100.0
2020-03-17,0.0,0.0,8.0,5.0,17.0,3.0,3.0,25.0,9.0,3.0,7.0,25.0,8.0,7.0,0.0,0.0,-8.0,-31.0,-7.0,-13.0,-127.0,-39.0,-11.0,-27.0,-10.0,-1.0,-11.0,-32.0,-13.0,-99.0,0.0,-4.0,-100.0,-100.0,-46.666666666666664,-72.22222222222221,-88.19444444444444,-92.85714285714286,-78.57142857142857,-51.92307692307692,-52.63157894736843,-25.0,-61.111111111111114,-56.14035087719298,-61.904761904761905,-93.39622641509435,inf,-100.0
2020-03-18,0.0,5.0,7.0,5.0,31.0,0.0,1.0,11.0,1.0,3.0,5.0,21.0,20.0,6.0,0.0,1.0,0.0,5.0,-1.0,0.0,14.0,-3.0,-2.0,-14.0,-8.0,0.0,-2.0,-4.0,12.0,-1.0,0.0,1.0,inf,inf,-12.5,0.0,82.35294117647058,-100.0,-66.66666666666667,-56.00000000000001,-88.88888888888889,0.0,-28.57142857142857,-16.000000000000004,150.0,-14.28571428571429,inf,inf
2020-03-19,1.0,4.0,2.0,7.0,31.0,11.0,2.0,13.0,3.0,1.0,14.0,9.0,2.0,4.0,6.0,0.0,1.0,-1.0,-5.0,2.0,0.0,11.0,1.0,2.0,2.0,-2.0,9.0,-12.0,-18.0,-2.0,6.0,-1.0,inf,-19.999999999999996,-71.42857142857143,39.99999999999999,0.0,inf,100.0,18.181818181818187,200.0,-66.66666666666667,179.99999999999997,-57.14285714285714,-90.0,-33.333333333333336,inf,-100.0
2020-03-20,0.0,1.0,5.0,10.0,40.0,9.0,2.0,13.0,4.0,9.0,7.0,7.0,7.0,16.0,0.0,0.0,-1.0,-3.0,3.0,3.0,9.0,-2.0,0.0,0.0,1.0,8.0,-7.0,-2.0,5.0,12.0,-6.0,0.0,-100.0,-75.0,150.0,42.85714285714286,29.032258064516125,-18.181818181818176,0.0,0.0,33.33333333333333,800.0,-50.0,-22.22222222222222,250.0,300.0,-100.0,inf
2020-03-21,0.0,6.0,13.0,10.0,29.0,5.0,0.0,15.0,1.0,7.0,10.0,17.0,10.0,27.0,3.0,0.0,0.0,5.0,8.0,0.0,-11.0,-4.0,-2.0,2.0,-3.0,-2.0,3.0,10.0,3.0,11.0,3.0,0.0,inf,500.0,160.0,0.0,-27.500000000000004,-44.44444444444444,-100.0,15.384615384615374,-75.0,-22.22222222222222,42.85714285714286,142.85714285714283,42.85714285714286,68.75,inf,inf
2020-03-22,0.0,5.0,8.0,11.0,17.0,8.0,1.0,16.0,3.0,5.0,2.0,22.0,8.0,17.0,0.0,0.0,0.0,-1.0,-5.0,1.0,-12.0,3.0,1.0,1.0,2.0,-2.0,-8.0,5.0,-2.0,-10.0,-3.0,0.0,inf,-16.666666666666664,-38.46153846153846,10.000000000000009,-41.379310344827594,60.00000000000001,inf,6.666666666666665,200.0,-28.57142857142857,-80.0,29.41176470588236,-19.999999999999996,-37.03703703703704,-100.0,inf
2020-03-23,0.0,7.0,8.0,15.0,45.0,16.0,2.0,13.0,16.0,6.0,8.0,11.0,2.0,59.0,4.0,0.0,0.0,2.0,0.0,4.0,28.0,8.0,1.0,-3.0,13.0,1.0,6.0,-11.0,-6.0,42.0,4.0,0.0,inf,39.99999999999999,0.0,36.36363636363635,164.70588235294116,100.0,100.0,-18.75,433.3333333333333,19.999999999999996,300.0,-50.0,-75.0,247.05882352941177,inf,inf
2020-03-24,0.0,5.0,2.0,17.0,27.0,15.0,6.0,4.0,0.0,0.0,7.0,1.0,5.0,15.0,2.0,0.0,0.0,-2.0,-6.0,2.0,-18.0,-1.0,4.0,-9.0,-16.0,-6.0,-1.0,-10.0,3.0,-44.0,-2.0,0.0,inf,-28.57142857142857,-75.0,13.33333333333333,-40.0,-6.25,200.0,-69.23076923076923,-100.0,-100.0,-12.5,-90.9090909090909,150.0,-74.57627118644068,-50.0,inf
2020-03-25,1.0,5.0,2.0,30.0,54.0,14.0,2.0,34.0,8.0,0.0,6.0,0.0,2.0,13.0,1.0,0.0,1.0,0.0,0.0,13.0,27.0,-1.0,-4.0,30.0,8.0,0.0,-1.0,-1.0,-3.0,-2.0,-1.0,0.0,inf,0.0,0.0,76.47058823529412,100.0,-6.666666666666665,-66.66666666666667,750.0,inf,inf,-14.28571428571429,-100.0,-60.0,-13.33333333333333,-50.0,inf
2020-03-26,0.0,3.0,4.0,23.0,75.0,9.0,0.0,43.0,2.0,1.0,10.0,2.0,10.0,51.0,2.0,0.0,-1.0,-2.0,2.0,-7.0,21.0,-5.0,-2.0,9.0,-6.0,1.0,4.0,2.0,8.0,38.0,1.0,0.0,-100.0,-40.0,100.0,-23.33333333333333,38.888888888888886,-35.71428571428571,-100.0,26.470588235294112,-75.0,inf,66.66666666666667,inf,400.0,292.30769230769226,100.0,inf
2020-03-27,0.0,1.0,6.0,8.0,36.0,6.0,0.0,20.0,4.0,2.0,4.0,10.0,15.0,2.0,2.0,0.0,0.0,-2.0,2.0,-15.0,-39.0,-3.0,0.0,-23.0,2.0,1.0,-6.0,8.0,5.0,-49.0,0.0,0.0,inf,-66.66666666666667,50.0,-65.21739130434783,-52.0,-33.333333333333336,inf,-53.48837209302326,100.0,100.0,-60.0,400.0,50.0,-96.07843137254902,0.0,inf
2020-03-28,0.0,1.0,6.0,6.0,33.0,15.0,9.0,26.0,14.0,4.0,10.0,15.0,8.0,21.0,0.0,5.0,0.0,0.0,0.0,-2.0,-3.0,9.0,9.0,6.0,10.0,2.0,6.0,5.0,-7.0,19.0,-2.0,5.0,inf,0.0,0.0,-25.0,-8.333333333333337,150.0,inf,30.000000000000004,250.0,100.0,150.0,50.0,-46.666666666666664,950.0,-100.0,inf
2020-03-29,0.0,1.0,1.0,11.0,33.0,9.0,1.0,24.0,12.0,2.0,15.0,0.0,11.0,28.0,2.0,0.0,0.0,0.0,-5.0,5.0,0.0,-6.0,-8.0,-2.0,-2.0,-2.0,5.0,-15.0,3.0,7.0,2.0,-5.0,inf,0.0,-83.33333333333334,83.33333333333333,0.0,-40.0,-88.88888888888889,-7.692307692307687,-14.28571428571429,-50.0,50.0,-100.0,37.5,33.33333333333333,inf,-100.0
2020-03-30,1.0,2.0,1.0,8.0,60.0,10.0,7.0,24.0,3.0,0.0,4.0,4.0,6.0,24.0,2.0,0.0,1.0,1.0,0.0,-3.0,27.0,1.0,6.0,0.0,-9.0,-2.0,-11.0,4.0,-5.0,-4.0,0.0,0.0,inf,100.0,0.0,-27.27272727272727,81.81818181818181,11.111111111111116,600.0,0.0,-75.0,-100.0,-73.33333333333334,inf,-45.45454545454546,-14.28571428571429,0.0,inf
2020-03-31,1.0,0.0,6.0,5.0,32.0,9.0,2.0,16.0,3.0,0.0,4.0,5.0,21.0,34.0,2.0,0.0,0.0,-2.0,5.0,-3.0,-28.0,-1.0,-5.0,-8.0,0.0,0.0,0.0,1.0,15.0,10.0,0.0,0.0,0.0,-100.0,500.0,-37.5,-46.666666666666664,-9.999999999999998,-71.42857142857143,-33.333333333333336,0.0,inf,0.0,25.0,250.0,41.66666666666667,0.0,inf
2020-01-04,0.0,2.0,2.0,5.0,22.0,8.0,11.0,19.0,9.0,1.0,3.0,3.0,32.0,25.0,0.0,0.0,-1.0,2.0,-4.0,0.0,-10.0,-1.0,9.0,3.0,6.0,1.0,-1.0,-2.0,11.0,-9.0,-2.0,0.0,-100.0,inf,-66.66666666666667,0.0,-31.25,-11.111111111111116,450.0,18.75,200.0,inf,-25.0,-40.0,52.38095238095237,-26.470588235294112,-100.0,inf
2020-02-04,0.0,1.0,2.0,6.0,74.0,18.0,7.0,27.0,3.0,2.0,3.0,1.0,23.0,33.0,8.0,0.0,0.0,-1.0,0.0,1.0,52.0,10.0,-4.0,8.0,-6.0,1.0,0.0,-2.0,-9.0,8.0,8.0,0.0,inf,-50.0,0.0,19.999999999999996,236.36363636363637,125.0,-36.36363636363637,42.10526315789473,-66.66666666666667,100.0,0.0,-66.66666666666667,-28.125,32.00000000000001,inf,inf
2020-03-04,0.0,1.0,0.0,5.0,63.0,4.0,3.0,21.0,13.0,18.0,0.0,5.0,28.0,55.0,1.0,0.0,0.0,0.0,-2.0,-1.0,-11.0,-14.0,-4.0,-6.0,10.0,16.0,-3.0,4.0,5.0,22.0,-7.0,0.0,inf,0.0,-100.0,-16.666666666666664,-14.864864864864868,-77.77777777777779,-57.14285714285714,-22.22222222222222,333.3333333333333,800.0,-100.0,400.0,21.739130434782616,66.66666666666667,-87.5,inf
2020-04-04,0.0,0.0,1.0,2.0,27.0,9.0,2.0,6.0,24.0,6.0,2.0,10.0,7.0,52.0,1.0,1.0,0.0,-1.0,1.0,-3.0,-36.0,5.0,-1.0,-15.0,11.0,-12.0,2.0,5.0,-21.0,-3.0,0.0,1.0,inf,-100.0,inf,-60.0,-57.14285714285714,125.0,-33.333333333333336,-71.42857142857143,84.61538461538463,-66.66666666666667,inf,100.0,-75.0,-5.454545454545457,0.0,inf
2020-05-04,1.0,1.0,2.0,6.0,53.0,11.0,14.0,16.0,7.0,10.0,2.0,13.0,15.0,27.0,1.0,0.0,1.0,1.0,1.0,4.0,26.0,2.0,12.0,10.0,-17.0,4.0,0.0,3.0,8.0,-25.0,0.0,-1.0,inf,inf,100.0,200.0,96.2962962962963,22.222222222222232,600.0,166.66666666666666,-70.83333333333333,66.66666666666667,0.0,30.000000000000004,114.28571428571428,-48.07692307692307,0.0,-100.0
2020-06-04,0.0,3.0,0.0,6.0,27.0,8.0,10.0,30.0,3.0,6.0,1.0,2.0,12.0,18.0,4.0,1.0,-1.0,2.0,-2.0,0.0,-26.0,-3.0,-4.0,14.0,-4.0,-4.0,-1.0,-11.0,-3.0,-9.0,3.0,1.0,-100.0,200.0,-100.0,0.0,-49.056603773584904,-27.27272727272727,-28.57142857142857,87.5,-57.14285714285714,-40.0,-50.0,-84.61538461538461,-19.999999999999996,-33.333333333333336,300.0,inf
2020-07-04,4.0,5.0,1.0,14.0,50.0,22.0,4.0,10.0,5.0,0.0,5.0,1.0,15.0,31.0,2.0,1.0,4.0,2.0,1.0,8.0,23.0,14.0,-6.0,-20.0,2.0,-6.0,4.0,-1.0,3.0,13.0,-2.0,0.0,inf,66.66666666666667,inf,133.33333333333334,85.18518518518519,175.0,-60.0,-66.66666666666667,66.66666666666667,-100.0,400.0,-50.0,25.0,72.22222222222223,-50.0,0.0
2020-08-04,0.0,1.0,6.0,4.0,58.0,9.0,13.0,18.0,3.0,3.0,0.0,7.0,18.0,14.0,2.0,0.0,-4.0,-4.0,5.0,-10.0,8.0,-13.0,9.0,8.0,-2.0,3.0,-5.0,6.0,3.0,-17.0,0.0,-1.0,-100.0,-80.0,500.0,-71.42857142857143,15.999999999999993,-59.09090909090908,225.0,80.0,-40.0,inf,-100.0,600.0,19.999999999999996,-54.83870967741935,0.0,-100.0
2020-09-04,0.0,2.0,0.0,4.0,40.0,11.0,3.0,7.0,14.0,5.0,1.0,0.0,6.0,14.0,2.0,0.0,0.0,1.0,-6.0,0.0,-18.0,2.0,-10.0,-11.0,11.0,2.0,1.0,-7.0,-12.0,0.0,0.0,0.0,inf,100.0,-100.0,0.0,-31.034482758620683,22.222222222222232,-76.92307692307692,-61.111111111111114,366.6666666666667,66.66666666666667,inf,-100.0,-66.66666666666667,0.0,0.0,inf
2020-10-04,0.0,0.0,1.0,1.0,30.0,11.0,14.0,20.0,4.0,3.0,1.0,2.0,15.0,14.0,2.0,0.0,0.0,-2.0,1.0,-3.0,-10.0,0.0,11.0,13.0,-10.0,-2.0,0.0,2.0,9.0,0.0,0.0,0.0,inf,-100.0,inf,-75.0,-25.0,0.0,366.6666666666667,185.71428571428572,-71.42857142857143,-40.0,0.0,inf,150.0,0.0,0.0,inf
2020-11-04,0.0,0.0,5.0,1.0,35.0,17.0,8.0,21.0,27.0,1.0,2.0,10.0,7.0,46.0,2.0,2.0,0.0,0.0,4.0,0.0,5.0,6.0,-6.0,1.0,23.0,-2.0,1.0,8.0,-8.0,32.0,0.0,2.0,inf,inf,400.0,0.0,16.666666666666675,54.54545454545454,-42.85714285714286,5.000000000000004,575.0,-66.66666666666667,100.0,400.0,-53.333333333333336,228.57142857142856,0.0,inf
2020-12-04,0.0,0.0,2.0,1.0,53.0,9.0,3.0,14.0,11.0,0.0,1.0,6.0,8.0,44.0,1.0,0.0,0.0,0.0,-3.0,0.0,18.0,-8.0,-5.0,-7.0,-16.0,-1.0,-1.0,-4.0,1.0,-2.0,-1.0,-2.0,inf,inf,-60.0,0.0,51.42857142857142,-47.05882352941176,-62.5,-33.333333333333336,-59.25925925925925,-100.0,-50.0,-40.0,14.28571428571428,-4.347826086956519,-50.0,-100.0
2020-04-13,0.0,0.0,0.0,3.0,13.0,42.0,0.0,21.0,0.0,4.0,2.0,14.0,6.0,27.0,2.0,0.0,0.0,0.0,-2.0,2.0,-40.0,33.0,-3.0,7.0,-11.0,4.0,1.0,8.0,-2.0,-17.0,1.0,0.0,inf,inf,-100.0,200.0,-75.47169811320755,366.6666666666667,-100.0,50.0,-100.0,inf,100.0,133.33333333333334,-25.0,-38.63636363636363,100.0,inf
2020-04-14,1.0,0.0,3.0,3.0,50.0,2.0,3.0,8.0,11.0,0.0,0.0,5.0,15.0,69.0,0.0,0.0,1.0,0.0,3.0,0.0,37.0,-40.0,3.0,-13.0,11.0,-4.0,-2.0,-9.0,9.0,42.0,-2.0,0.0,inf,inf,inf,0.0,284.61538461538464,-95.23809523809523,inf,-61.904761904761905,inf,-100.0,-100.0,-64.28571428571428,150.0,155.55555555555554,-100.0,inf
2020-04-15,0.0,1.0,0.0,0.0,17.0,1.0,0.0,14.0,17.0,0.0,0.0,0.0,8.0,27.0,0.0,0.0,-1.0,1.0,-3.0,-3.0,-33.0,-1.0,-3.0,6.0,6.0,0.0,0.0,-5.0,-7.0,-42.0,0.0,0.0,-100.0,inf,-100.0,-100.0,-65.99999999999999,-50.0,-100.0,75.0,54.54545454545454,inf,inf,-100.0,-46.666666666666664,-60.86956521739131,inf,inf
2020-04-16,0.0,0.0,0.0,1.0,13.0,26.0,0.0,13.0,8.0,2.0,1.0,3.0,16.0,26.0,1.0,0.0,0.0,-1.0,0.0,1.0,-4.0,25.0,0.0,-1.0,-9.0,2.0,1.0,3.0,8.0,-1.0,1.0,0.0,inf,-100.0,inf,inf,-23.529411764705888,2500.0,inf,-7.14285714285714,-52.94117647058824,inf,inf,inf,100.0,-3.703703703703709,inf,inf
2020-04-17,0.0,0.0,0.0,1.0,9.0,13.0,1.0,9.0,1.0,0.0,0.0,5.0,10.0,19.0,0.0,1.0,0.0,0.0,0.0,0.0,-4.0,-13.0,1.0,-4.0,-7.0,-2.0,-1.0,2.0,-6.0,-7.0,-1.0,1.0,inf,inf,inf,0.0,-30.76923076923077,-50.0,inf,-30.76923076923077,-87.5,-100.0,-100.0,66.66666666666667,-37.5,-26.923076923076927,-100.0,inf
2020-04-18,0.0,0.0,0.0,0.0,2.0,3.0,0.0,16.0,2.0,1.0,0.0,10.0,6.0,14.0,0.0,0.0,0.0,0.0,0.0,-1.0,-7.0,-10.0,-1.0,7.0,1.0,1.0,0.0,5.0,-4.0,-5.0,0.0,-1.0,inf,inf,inf,-100.0,-77.77777777777779,-76.92307692307692,-100.0,77.77777777777777,100.0,inf,inf,100.0,-40.0,-26.315789473684216,inf,-100.0
2020-04-19,0.0,0.0,0.0,0.0,3.0,0.0,37.0,3.0,5.0,0.0,0.0,3.0,5.0,19.0,9.0,0.0,0.0,0.0,0.0,0.0,1.0,-3.0,37.0,-13.0,3.0,-1.0,0.0,-7.0,-1.0,5.0,9.0,0.0,inf,inf,inf,inf,50.0,-100.0,inf,-81.25,150.0,-100.0,inf,-70.0,-16.666666666666664,35.71428571428572,inf,inf
2020-04-20,0.0,0.0,0.0,0.0,2.0,3.0,2.0,2.0,2.0,0.0,0.0,2.0,6.0,4.0,13.0,0.0,0.0,0.0,0.0,0.0,-1.0,3.0,-35.0,-1.0,-3.0,0.0,0.0,-1.0,1.0,-15.0,4.0,0.0,inf,inf,inf,inf,-33.333333333333336,inf,-94.5945945945946,-33.333333333333336,-60.0,inf,inf,-33.333333333333336,19.999999999999996,-78.94736842105263,44.44444444444444,inf
2020-04-21,0.0,0.0,0.0,0.0,11.0,1.0,1.0,1.0,8.0,0.0,0.0,0.0,22.0,13.0,0.0,0.0,0.0,0.0,0.0,0.0,9.0,-2.0,-1.0,-1.0,6.0,0.0,0.0,-2.0,16.0,9.0,-13.0,0.0,inf,inf,inf,inf,450.0,-66.66666666666667,-50.0,-50.0,300.0,inf,inf,-100.0,266.66666666666663,225.0,-100.0,inf
2020-04-22,0.0,1.0,0.0,0.0,1.0,2.0,1.0,3.0,6.0,0.0,0.0,0.0,19.0,16.0,1.0,0.0,0.0,1.0,0.0,0.0,-10.0,1.0,0.0,2.0,-2.0,0.0,0.0,0.0,-3.0,3.0,1.0,0.0,inf,inf,inf,inf,-90.9090909090909,100.0,0.0,200.0,-25.0,inf,inf,inf,-13.636363636363635,23.076923076923084,inf,inf
2020-04-23,0.0,0.0,0.0,0.0,12.0,20.0,0.0,3.0,1.0,1.0,0.0,1.0,4.0,29.0,0.0,0.0,0.0,-1.0,0.0,0.0,11.0,18.0,-1.0,0.0,-5.0,1.0,0.0,1.0,-15.0,13.0,-1.0,0.0,inf,-100.0,inf,inf,1100.0,900.0,-100.0,0.0,-83.33333333333334,inf,inf,inf,-78.94736842105263,81.25,-100.0,inf
2020-04-24,0.0,0.0,0.0,0.0,18.0,2.0,3.0,4.0,1.0,0.0,0.0,2.0,9.0,49.0,0.0,0.0,0.0,0.0,0.0,0.0,6.0,-18.0,3.0,1.0,0.0,-1.0,0.0,1.0,5.0,20.0,0.0,0.0,inf,inf,inf,inf,50.0,-90.0,inf,33.33333333333333,0.0,-100.0,inf,100.0,125.0,68.96551724137932,inf,inf
2020-04-25,0.0,0.0,0.0,0.0,1.0,0.0,0.0,0.0,1.0,0.0,0.0,0.0,10.0,39.0,0.0,0.0,0.0,0.0,0.0,0.0,-17.0,-2.0,-3.0,-4.0,0.0,0.0,0.0,-2.0,1.0,-10.0,0.0,0.0,inf,inf,inf,inf,-94.44444444444444,-100.0,-100.0,-100.0,0.0,inf,inf,-100.0,11.111111111111116,-20.408163265306122,inf,inf
2020-04-26,0.0,0.0,2.0,0.0,6.0,1.0,1.0,4.0,0.0,0.0,0.0,0.0,7.0,16.0,1.0,0.0,0.0,0.0,2.0,0.0,5.0,1.0,1.0,4.0,-1.0,0.0,0.0,0.0,-3.0,-23.0,1.0,0.0,inf,inf,inf,inf,500.0,inf,inf,inf,-100.0,inf,inf,inf,-30.000000000000004,-58.97435897435898,inf,inf
2020-04-27,0.0,0.0,0.0,1.0,4.0,1.0,0.0,0.0,0.0,0.0,0.0,1.0,3.0,30.0,0.0,0.0,0.0,0.0,-2.0,1.0,-2.0,0.0,-1.0,-4.0,0.0,0.0,0.0,1.0,-4.0,14.0,-1.0,0.0,inf,inf,-100.0,inf,-33.333333333333336,0.0,-100.0,-100.0,inf,inf,inf,inf,-57.14285714285714,87.5,-100.0,inf
2020-04-28,0.0,0.0,0.0,0.0,5.0,1.0,0.0,1.0,0.0,0.0,0.0,1.0,8.0,14.0,1.0,0.0,0.0,0.0,0.0,-1.0,1.0,0.0,0.0,1.0,0.0,0.0,0.0,0.0,5.0,-16.0,1.0,0.0,inf,inf,inf,-100.0,25.0,0.0,inf,inf,inf,inf,inf,0.0,166.66666666666666,-53.333333333333336,inf,inf
2020-04-29,0.0,0.0,0.0,0.0,1.0,72.0,0.0,0.0,5.0,0.0,0.0,2.0,6.0,8.0,0.0,0.0,0.0,0.0,0.0,0.0,-4.0,71.0,0.0,-1.0,5.0,0.0,0.0,1.0,-2.0,-6.0,-1.0,0.0,inf,inf,inf,inf,-80.0,7100.0,inf,-100.0,inf,inf,inf,100.0,-25.0,-42.85714285714286,-100.0,inf
2020-04-30,0.0,0.0,0.0,0.0,27.0,5.0,5.0,3.0,1.0,0.0,0.0,0.0,5.0,10.0,1.0,0.0,0.0,0.0,0.0,0.0,26.0,-67.0,5.0,3.0,-4.0,0.0,0.0,-2.0,-1.0,2.0,1.0,0.0,inf,inf,inf,inf,2600.0,-93.05555555555556,inf,inf,-80.0,inf,inf,-100.0,-16.666666666666664,25.0,inf,inf
2020-01-05,0.0,0.0,0.0,0.0,24.0,0.0,1.0,3.0,3.0,0.0,0.0,0.0,2.0,32.0,4.0,0.0,0.0,0.0,0.0,0.0,-3.0,-5.0,-4.0,0.0,2.0,0.0,0.0,0.0,-3.0,22.0,3.0,0.0,inf,inf,inf,inf,-11.111111111111116,-100.0,-80.0,0.0,200.0,inf,inf,inf,-60.0,220.00000000000003,300.0,inf
2020-02-05,0.0,0.0,0.0,0.0,63.0,8.0,2.0,1.0,8.0,0.0,0.0,0.0,9.0,14.0,0.0,0.0,0.0,0.0,0.0,0.0,39.0,8.0,1.0,-2.0,5.0,0.0,0.0,0.0,7.0,-18.0,-4.0,0.0,inf,inf,inf,inf,162.5,inf,100.0,-66.66666666666667,166.66666666666666,inf,inf,inf,350.0,-56.25,-100.0,inf
2020-03-05,0.0,0.0,0.0,0.0,11.0,71.0,3.0,0.0,0.0,0.0,0.0,1.0,5.0,30.0,1.0,0.0,0.0,0.0,0.0,0.0,-52.0,63.0,1.0,-1.0,-8.0,0.0,0.0,1.0,-4.0,16.0,1.0,0.0,inf,inf,inf,inf,-82.53968253968253,787.5,50.0,-100.0,-100.0,inf,inf,inf,-44.44444444444444,114.28571428571428,inf,inf
2020-04-05,0.0,0.0,0.0,0.0,21.0,6.0,3.0,0.0,0.0,0.0,0.0,0.0,0.0,25.0,0.0,0.0,0.0,0.0,0.0,0.0,10.0,-65.0,0.0,0.0,0.0,0.0,0.0,-1.0,-5.0,-5.0,-1.0,0.0,inf,inf,inf,inf,90.90909090909092,-91.54929577464789,0.0,inf,inf,inf,inf,-100.0,-100.0,-16.666666666666664,-100.0,inf
2020-05-05,0.0,0.0,0.0,0.0,5.0,0.0,0.0,0.0,0.0,0.0,0.0,0.0,2.0,23.0,0.0,0.0,0.0,0.0,0.0,0.0,-16.0,-6.0,-3.0,0.0,0.0,0.0,0.0,0.0,2.0,-2.0,0.0,0.0,inf,inf,inf,inf,-76.19047619047619,-100.0,-100.0,inf,inf,inf,inf,inf,inf,-7.9999999999999964,inf,inf
2020-06-05,0.0,0.0,0.0,0.0,9.0,2.0,1.0,0.0,0.0,0.0,0.0,0.0,11.0,22.0,0.0,0.0,0.0,0.0,0.0,0.0,4.0,2.0,1.0,0.0,0.0,0.0,0.0,0.0,9.0,-1.0,0.0,0.0,inf,inf,inf,inf,80.0,inf,inf,inf,inf,inf,inf,inf,450.0,-4.347826086956519,inf,inf
2020-07-05,0.0,0.0,0.0,0.0,16.0,0.0,1.0,0.0,0.0,0.0,0.0,1.0,1.0,20.0,0.0,0.0,0.0,0.0,0.0,0.0,7.0,-2.0,0.0,0.0,0.0,0.0,0.0,1.0,-10.0,-2.0,0.0,0.0,inf,inf,inf,inf,77.77777777777777,-100.0,0.0,inf,inf,inf,inf,inf,-90.9090909090909,-9.090909090909093,inf,inf
2020-08-05,0.0,0.0,0.0,0.0,6.0,53.0,0.0,0.0,1.0,0.0,0.0,0.0,1.0,6.0,1.0,0.0,0.0,0.0,0.0,0.0,-10.0,53.0,-1.0,0.0,1.0,0.0,0.0,-1.0,0.0,-14.0,1.0,0.0,inf,inf,inf,inf,-62.5,inf,-100.0,inf,inf,inf,inf,-100.0,0.0,-70.0,inf,inf
2020-09-05,0.0,0.0,0.0,0.0,10.0,28.0,1.0,0.0,0.0,0.0,0.0,0.0,4.0,10.0,1.0,0.0,0.0,0.0,0.0,0.0,4.0,-25.0,1.0,0.0,-1.0,0.0,0.0,0.0,3.0,4.0,0.0,0.0,inf,inf,inf,inf,66.66666666666667,-47.16981132075472,inf,inf,-100.0,inf,inf,inf,300.0,66.66666666666667,0.0,inf
2020-10-05,0.0,0.0,0.0,2.0,8.0,45.0,0.0,0.0,2.0,0.0,0.0,0.0,1.0,9.0,0.0,0.0,0.0,0.0,0.0,2.0,-2.0,17.0,-1.0,0.0,2.0,0.0,0.0,0.0,-3.0,-1.0,-1.0,0.0,inf,inf,inf,inf,-19.999999999999996,60.71428571428572,-100.0,inf,inf,inf,inf,inf,-75.0,-9.999999999999998,-100.0,inf
2020-11-05,0.0,0.0,0.0,0.0,3.0,16.0,1.0,0.0,4.0,0.0,0.0,10.0,0.0,35.0,1.0,0.0,0.0,0.0,0.0,-2.0,-5.0,-29.0,1.0,0.0,2.0,0.0,0.0,10.0,-1.0,26.0,1.0,0.0,inf,inf,inf,-100.0,-62.5,-64.44444444444444,inf,inf,100.0,inf,inf,inf,-100.0,288.88888888888886,inf,inf
2020-12-05,0.0,0.0,0.0,0.0,3.0,0.0,0.0,0.0,0.0,0.0,0.0,1.0,0.0,12.0,0.0,0.0,0.0,0.0,0.0,0.0,0.0,-16.0,-1.0,0.0,-4.0,0.0,0.0,-9.0,0.0,-23.0,-1.0,0.0,inf,inf,inf,inf,0.0,-100.0,-100.0,inf,-100.0,inf,inf,-90.0,inf,-65.71428571428571,-100.0,inf
2020-05-13,0.0,0.0,0.0,0.0,2.0,22.0,2.0,0.0,3.0,0.0,0.0,0.0,1.0,5.0,0.0,0.0,0.0,0.0,0.0,0.0,-1.0,22.0,2.0,0.0,3.0,0.0,0.0,-1.0,1.0,-7.0,0.0,0.0,inf,inf,inf,inf,-33.333333333333336,inf,inf,inf,inf,inf,inf,-100.0,inf,-58.33333333333333,inf,inf
2020-05-14,0.0,0.0,0.0,0.0,1.0,11.0,1.0,1.0,8.0,0.0,0.0,0.0,0.0,18.0,0.0,0.0,0.0,0.0,0.0,0.0,-1.0,-11.0,-1.0,1.0,5.0,0.0,0.0,0.0,-1.0,13.0,0.0,0.0,inf,inf,inf,inf,-50.0,-50.0,-50.0,inf,166.66666666666666,inf,inf,inf,-100.0,260.0,inf,inf
2020-05-15,0.0,0.0,0.0,0.0,14.0,1.0,1.0,0.0,5.0,0.0,0.0,0.0,0.0,15.0,0.0,0.0,0.0,0.0,0.0,0.0,13.0,-10.0,0.0,-1.0,-3.0,0.0,0.0,0.0,0.0,-3.0,0.0,0.0,inf,inf,inf,inf,1300.0,-90.9090909090909,0.0,-100.0,-37.5,inf,inf,inf,inf,-16.666666666666664,inf,inf
2020-05-16,0.0,0.0,0.0,0.0,1.0,0.0,0.0,0.0,7.0,0.0,0.0,3.0,0.0,7.0,1.0,0.0,0.0,0.0,0.0,0.0,-13.0,-1.0,-1.0,0.0,2.0,0.0,0.0,3.0,0.0,-8.0,1.0,0.0,inf,inf,inf,inf,-92.85714285714286,-100.0,-100.0,inf,39.99999999999999,inf,inf,inf,inf,-53.333333333333336,inf,inf
2020-05-17,0.0,0.0,0.0,0.0,8.0,0.0,0.0,0.0,1.0,0.0,0.0,0.0,0.0,13.0,0.0,0.0,0.0,0.0,0.0,0.0,7.0,0.0,0.0,0.0,-6.0,0.0,0.0,-3.0,0.0,6.0,-1.0,0.0,inf,inf,inf,inf,700.0,inf,inf,inf,-85.71428571428572,inf,inf,-100.0,inf,85.71428571428572,-100.0,inf
2020-05-18,0.0,0.0,0.0,0.0,8.0,0.0,0.0,0.0,0.0,0.0,0.0,0.0,0.0,38.0,1.0,0.0,0.0,0.0,0.0,0.0,0.0,0.0,0.0,0.0,-1.0,0.0,0.0,0.0,0.0,25.0,1.0,0.0,inf,inf,inf,inf,0.0,inf,inf,inf,-100.0,inf,inf,inf,inf,192.3076923076923,inf,inf
2020-05-19,0.0,0.0,0.0,0.0,6.0,0.0,0.0,1.0,2.0,0.0,0.0,6.0,0.0,22.0,1.0,0.0,0.0,0.0,0.0,0.0,-2.0,0.0,0.0,1.0,2.0,0.0,0.0,6.0,0.0,-16.0,0.0,0.0,inf,inf,inf,inf,-25.0,inf,inf,inf,inf,inf,inf,inf,inf,-42.10526315789473,0.0,inf
2020-05-20,0.0,1.0,0.0,0.0,15.0,0.0,0.0,0.0,0.0,1.0,1.0,1.0,0.0,10.0,3.0,0.0,0.0,1.0,0.0,0.0,9.0,0.0,0.0,-1.0,-2.0,1.0,1.0,-5.0,0.0,-12.0,2.0,0.0,inf,inf,inf,inf,150.0,inf,inf,-100.0,-100.0,inf,inf,-83.33333333333334,inf,-54.54545454545454,200.0,inf
2020-05-21,0.0,0.0,0.0,0.0,8.0,2.0,0.0,0.0,1.0,0.0,0.0,0.0,0.0,39.0,0.0,0.0,0.0,-1.0,0.0,0.0,-7.0,2.0,0.0,0.0,1.0,-1.0,-1.0,-1.0,0.0,29.0,-3.0,0.0,inf,-100.0,inf,inf,-46.666666666666664,inf,inf,inf,inf,-100.0,-100.0,-100.0,inf,290.0,-100.0,inf
2020-05-22,0.0,0.0,0.0,0.0,20.0,13.0,1.0,0.0,2.0,0.0,0.0,2.0,1.0,39.0,0.0,0.0,0.0,0.0,0.0,0.0,12.0,11.0,1.0,0.0,1.0,0.0,0.0,2.0,1.0,0.0,0.0,0.0,inf,inf,inf,inf,150.0,550.0,inf,inf,100.0,inf,inf,inf,inf,0.0,inf,inf
2020-05-23,0.0,0.0,0.0,0.0,37.0,1.0,0.0,1.0,3.0,0.0,0.0,1.0,0.0,5.0,0.0,0.0,0.0,0.0,0.0,0.0,17.0,-12.0,-1.0,1.0,1.0,0.0,0.0,-1.0,-1.0,-34.0,0.0,0.0,inf,inf,inf,inf,85.00000000000001,-92.3076923076923,-100.0,inf,50.0,inf,inf,-50.0,-100.0,-87.17948717948718,inf,inf
2020-05-24,0.0,0.0,0.0,0.0,46.0,0.0,0.0,1.0,0.0,0.0,0.0,2.0,0.0,11.0,0.0,0.0,0.0,0.0,0.0,0.0,9.0,-1.0,0.0,0.0,-3.0,0.0,0.0,1.0,0.0,6.0,0.0,0.0,inf,inf,inf,inf,24.32432432432432,-100.0,inf,0.0,-100.0,inf,inf,100.0,inf,120.00000000000001,inf,inf
2020-05-25,0.0,0.0,0.0,0.0,53.0,0.0,0.0,0.0,0.0,0.0,0.0,0.0,4.0,115.0,0.0,0.0,0.0,0.0,0.0,0.0,7.0,0.0,0.0,-1.0,0.0,0.0,0.0,-2.0,4.0,104.0,0.0,0.0,inf,inf,inf,inf,15.217391304347828,inf,inf,-100.0,inf,inf,inf,-100.0,inf,945.4545454545455,inf,inf
2020-05-26,0.0,0.0,0.0,0.0,9.0,1.0,0.0,0.0,0.0,0.0,0.0,0.0,0.0,177.0,0.0,0.0,0.0,0.0,0.0,0.0,-44.0,1.0,0.0,0.0,0.0,0.0,0.0,0.0,-4.0,62.0,0.0,0.0,inf,inf,inf,inf,-83.01886792452831,inf,inf,inf,inf,inf,inf,inf,-100.0,53.91304347826087,inf,inf
2020-05-27,0.0,0.0,0.0,0.0,5.0,0.0,0.0,0.0,0.0,0.0,0.0,1.0,3.0,6.0,0.0,0.0,0.0,0.0,0.0,0.0,-4.0,-1.0,0.0,0.0,0.0,0.0,0.0,1.0,3.0,-171.0,0.0,0.0,inf,inf,inf,inf,-44.44444444444444,-100.0,inf,inf,inf,inf,inf,inf,inf,-96.61016949152543,inf,inf
2020-05-28,0.0,0.0,0.0,0.0,2.0,0.0,0.0,0.0,1.0,0.0,0.0,0.0,0.0,7.0,0.0,0.0,0.0,0.0,0.0,0.0,-3.0,0.0,0.0,0.0,1.0,0.0,0.0,-1.0,-3.0,1.0,0.0,0.0,inf,inf,inf,inf,-60.0,inf,inf,inf,inf,inf,inf,-100.0,-100.0,16.666666666666675,inf,inf
2020-05-29,0.0,0.0,0.0,0.0,28.0,59.0,0.0,3.0,1.0,0.0,0.0,2.0,0.0,10.0,0.0,0.0,0.0,0.0,0.0,0.0,26.0,59.0,0.0,3.0,0.0,0.0,0.0,2.0,0.0,3.0,0.0,0.0,inf,inf,inf,inf,1300.0,inf,inf,inf,0.0,inf,inf,inf,inf,42.85714285714286,inf,inf
2020-05-30,0.0,0.0,0.0,1.0,5.0,4.0,2.0,1.0,0.0,0.0,0.0,0.0,0.0,13.0,4.0,0.0,0.0,0.0,0.0,1.0,-23.0,-55.0,2.0,-2.0,-1.0,0.0,0.0,-2.0,0.0,3.0,4.0,0.0,inf,inf,inf,inf,-82.14285714285714,-93.22033898305084,inf,-66.66666666666667,-100.0,inf,inf,-100.0,inf,30.000000000000004,inf,inf
2020-05-31,0.0,0.0,0.0,0.0,31.0,2.0,1.0,0.0,15.0,0.0,0.0,0.0,0.0,8.0,0.0,0.0,0.0,0.0,0.0,-1.0,26.0,-2.0,-1.0,-1.0,15.0,0.0,0.0,0.0,0.0,-5.0,-4.0,0.0,inf,inf,inf,-100.0,520.0,-50.0,-50.0,-100.0,inf,inf,inf,inf,inf,-38.46153846153846,-100.0,inf
2020-01-06,0.0,0.0,0.0,0.0,11.0,2.0,13.0,0.0,0.0,0.0,0.0,1.0,0.0,11.0,0.0,0.0,0.0,0.0,0.0,0.0,-20.0,0.0,12.0,0.0,-15.0,0.0,0.0,1.0,0.0,3.0,0.0,0.0,inf,inf,inf,inf,-64.51612903225806,0.0,1200.0,inf,-100.0,inf,inf,inf,inf,37.5,inf,inf
2020-02-06,0.0,0.0,0.0,0.0,6.0,6.0,1.0,1.0,0.0,0.0,0.0,1.0,0.0,5.0,0.0,0.0,0.0,0.0,0.0,0.0,-5.0,4.0,-12.0,1.0,0.0,0.0,0.0,0.0,0.0,-6.0,0.0,0.0,inf,inf,inf,inf,-45.45454545454546,200.0,-92.3076923076923,inf,inf,inf,inf,0.0,inf,-54.54545454545454,inf,inf
2020-03-06,0.0,0.0,0.0,0.0,2.0,36.0,0.0,0.0,0.0,0.0,0.0,0.0,0.0,55.0,0.0,0.0,0.0,0.0,0.0,0.0,-4.0,30.0,-1.0,-1.0,0.0,0.0,0.0,-1.0,0.0,50.0,0.0,0.0,inf,inf,inf,inf,-66.66666666666667,500.0,-100.0,-100.0,inf,inf,inf,-100.0,inf,1000.0,inf,inf
2020-04-06,0.0,0.0,0.0,0.0,2.0,3.0,0.0,0.0,1.0,0.0,0.0,0.0,0.0,271.0,0.0,0.0,0.0,0.0,0.0,0.0,0.0,-33.0,0.0,0.0,1.0,0.0,0.0,0.0,0.0,216.0,0.0,0.0,inf,inf,inf,inf,0.0,-91.66666666666666,inf,inf,inf,inf,inf,inf,inf,392.72727272727275,inf,inf
2020-05-06,0.0,0.0,0.0,0.0,9.0,0.0,1.0,0.0,1.0,0.0,0.0,3.0,1.0,4.0,0.0,0.0,0.0,0.0,0.0,0.0,7.0,-3.0,1.0,0.0,0.0,0.0,0.0,3.0,1.0,-267.0,0.0,0.0,inf,inf,inf,inf,350.0,-100.0,inf,inf,0.0,inf,inf,inf,inf,-98.5239852398524,inf,inf
2020-06-06,0.0,0.0,0.0,0.0,14.0,5.0,0.0,0.0,0.0,0.0,0.0,0.0,2.0,15.0,0.0,1.0,0.0,0.0,0.0,0.0,5.0,5.0,-1.0,0.0,-1.0,0.0,0.0,-3.0,1.0,11.0,0.0,1.0,inf,inf,inf,inf,55.55555555555556,inf,-100.0,inf,-100.0,inf,inf,-100.0,100.0,275.0,inf,inf
2020-07-06,0.0,0.0,0.0,0.0,12.0,1.0,0.0,0.0,0.0,0.0,0.0,2.0,0.0,4.0,0.0,0.0,0.0,0.0,0.0,0.0,-2.0,-4.0,0.0,0.0,0.0,0.0,0.0,2.0,-2.0,-11.0,0.0,-1.0,inf,inf,inf,inf,-14.28571428571429,-80.0,inf,inf,inf,inf,inf,inf,-100.0,-73.33333333333334,inf,-100.0
2020-08-06,0.0,0.0,0.0,0.0,3.0,0.0,1.0,0.0,0.0,0.0,0.0,2.0,0.0,1.0,0.0,0.0,0.0,0.0,0.0,0.0,-9.0,-1.0,1.0,0.0,0.0,0.0,0.0,0.0,0.0,-3.0,0.0,0.0,inf,inf,inf,inf,-75.0,-100.0,inf,inf,inf,inf,inf,0.0,inf,-75.0,inf,inf
2020-09-06,0.0,0.0,0.0,0.0,3.0,0.0,0.0,0.0,0.0,0.0,0.0,0.0,0.0,4.0,0.0,0.0,0.0,0.0,0.0,0.0,0.0,0.0,-1.0,0.0,0.0,0.0,0.0,-2.0,0.0,3.0,0.0,0.0,inf,inf,inf,inf,0.0,inf,-100.0,inf,inf,inf,inf,-100.0,inf,300.0,inf,inf
2020-10-06,0.0,0.0,0.0,0.0,0.0,0.0,0.0,1.0,0.0,0.0,0.0,0.0,1.0,0.0,0.0,0.0,0.0,0.0,0.0,0.0,-3.0,0.0,0.0,1.0,0.0,0.0,0.0,0.0,1.0,-4.0,0.0,0.0,inf,inf,inf,inf,-100.0,inf,inf,inf,inf,inf,inf,inf,inf,-100.0,inf,inf
2020-11-06,0.0,0.0,0.0,0.0,3.0,16.0,11.0,0.0,0.0,0.0,0.0,0.0,0.0,1.0,0.0,0.0,0.0,0.0,0.0,0.0,3.0,16.0,11.0,-1.0,0.0,0.0,0.0,0.0,-1.0,1.0,0.0,0.0,inf,inf,inf,inf,inf,inf,inf,-100.0,inf,inf,inf,inf,-100.0,inf,inf,inf
2020-12-06,0.0,0.0,0.0,0.0,13.0,4.0,4.0,1.0,0.0,0.0,0.0,1.0,0.0,10.0,0.0,0.0,0.0,0.0,0.0,0.0,10.0,-12.0,-7.0,1.0,0.0,0.0,0.0,1.0,0.0,9.0,0.0,0.0,inf,inf,inf,inf,333.3333333333333,-75.0,-63.63636363636363,inf,inf,inf,inf,inf,inf,900.0,inf,inf
2020-06-13,0.0,0.0,0.0,1.0,7.0,26.0,2.0,2.0,2.0,0.0,0.0,2.0,0.0,1.0,0.0,0.0,0.0,0.0,0.0,1.0,-6.0,22.0,-2.0,1.0,2.0,0.0,0.0,1.0,0.0,-9.0,0.0,0.0,inf,inf,inf,inf,-46.15384615384615,550.0,-50.0,100.0,inf,inf,inf,100.0,inf,-90.0,inf,inf
2020-06-14,0.0,0.0,0.0,0.0,2.0,0.0,1.0,0.0,0.0,0.0,0.0,0.0,1.0,4.0,0.0,0.0,0.0,0.0,0.0,-1.0,-5.0,-26.0,-1.0,-2.0,-2.0,0.0,0.0,-2.0,1.0,3.0,0.0,0.0,inf,inf,inf,-100.0,-71.42857142857143,-100.0,-50.0,-100.0,-100.0,inf,inf,-100.0,inf,300.0,inf,inf
2020-06-15,0.0,0.0,0.0,0.0,2.0,32.0,2.0,3.0,0.0,0.0,0.0,1.0,0.0,1.0,0.0,0.0,0.0,0.0,0.0,0.0,0.0,32.0,1.0,3.0,0.0,0.0,0.0,1.0,-1.0,-3.0,0.0,0.0,inf,inf,inf,inf,0.0,inf,100.0,inf,inf,inf,inf,inf,-100.0,-75.0,inf,inf
2020-06-16,0.0,0.0,0.0,0.0,1.0,4.0,0.0,1.0,0.0,0.0,0.0,0.0,3.0,2.0,0.0,0.0,0.0,0.0,0.0,0.0,-1.0,-28.0,-2.0,-2.0,0.0,0.0,0.0,-1.0,3.0,1.0,0.0,0.0,inf,inf,inf,inf,-50.0,-87.5,-100.0,-66.66666666666667,inf,inf,inf,-100.0,inf,100.0,inf,inf
2020-06-17,0.0,0.0,0.0,0.0,5.0,1.0,0.0,0.0,0.0,0.0,0.0,2.0,1.0,1.0,0.0,0.0,0.0,0.0,0.0,0.0,4.0,-3.0,0.0,-1.0,0.0,0.0,0.0,2.0,-2.0,-1.0,0.0,0.0,inf,inf,inf,inf,400.0,-75.0,inf,-100.0,inf,inf,inf,inf,-66.66666666666667,-50.0,inf,inf
2020-06-18,0.0,0.0,0.0,1.0,2.0,0.0,0.0,2.0,0.0,0.0,0.0,1.0,4.0,4.0,0.0,0.0,0.0,0.0,0.0,1.0,-3.0,-1.0,0.0,2.0,0.0,0.0,0.0,-1.0,3.0,3.0,0.0,0.0,inf,inf,inf,inf,-60.0,-100.0,inf,inf,inf,inf,inf,-50.0,300.0,300.0,inf,inf
2020-06-19,0.0,0.0,0.0,0.0,3.0,1.0,0.0,0.0,0.0,0.0,0.0,0.0,1.0,1.0,0.0,0.0,0.0,0.0,0.0,-1.0,1.0,1.0,0.0,-2.0,0.0,0.0,0.0,-1.0,-3.0,-3.0,0.0,0.0,inf,inf,inf,-100.0,50.0,inf,inf,-100.0,inf,inf,inf,-100.0,-75.0,-75.0,inf,inf
2020-06-20,0.0,0.0,0.0,0.0,12.0,1.0,0.0,0.0,0.0,0.0,0.0,1.0,0.0,7.0,0.0,0.0,0.0,0.0,0.0,0.0,9.0,0.0,0.0,0.0,0.0,0.0,0.0,1.0,-1.0,6.0,0.0,0.0,inf,inf,inf,inf,300.0,0.0,inf,inf,inf,inf,inf,inf,-100.0,600.0,inf,inf
2020-06-21,0.0,0.0,0.0,0.0,4.0,6.0,1.0,1.0,0.0,0.0,0.0,1.0,3.0,0.0,0.0,0.0,0.0,0.0,0.0,0.0,-8.0,5.0,1.0,1.0,0.0,0.0,0.0,0.0,3.0,-7.0,0.0,0.0,inf,inf,inf,inf,-66.66666666666667,500.0,inf,inf,inf,inf,inf,0.0,inf,-100.0,inf,inf
2020-06-22,0.0,0.0,0.0,0.0,2.0,12.0,0.0,1.0,0.0,0.0,0.0,0.0,0.0,0.0,0.0,0.0,0.0,0.0,0.0,0.0,-2.0,6.0,-1.0,0.0,0.0,0.0,0.0,-1.0,-3.0,0.0,0.0,0.0,inf,inf,inf,inf,-50.0,100.0,-100.0,0.0,inf,inf,inf,-100.0,-100.0,inf,inf,inf
2020-06-23,0.0,0.0,0.0,0.0,0.0,1.0,0.0,0.0,0.0,0.0,0.0,2.0,0.0,0.0,0.0,0.0,0.0,0.0,0.0,0.0,-2.0,-11.0,0.0,-1.0,0.0,0.0,0.0,2.0,0.0,0.0,0.0,0.0,inf,inf,inf,inf,-100.0,-91.66666666666666,inf,-100.0,inf,inf,inf,inf,inf,inf,inf,inf
2020-06-24,0.0,0.0,0.0,0.0,5.0,0.0,0.0,0.0,0.0,0.0,0.0,0.0,1.0,0.0,0.0,0.0,0.0,0.0,0.0,0.0,5.0,-1.0,0.0,0.0,0.0,0.0,0.0,-2.0,1.0,0.0,0.0,0.0,inf,inf,inf,inf,inf,-100.0,inf,inf,inf,inf,inf,-100.0,inf,inf,inf,inf
2020-06-25,0.0,0.0,0.0,0.0,2.0,0.0,0.0,1.0,0.0,0.0,1.0,0.0,0.0,0.0,0.0,0.0,0.0,0.0,0.0,0.0,-3.0,0.0,0.0,1.0,0.0,0.0,1.0,0.0,-1.0,0.0,0.0,0.0,inf,inf,inf,inf,-60.0,inf,inf,inf,inf,inf,inf,inf,-100.0,inf,inf,inf
2020-06-26,0.0,1.0,0.0,0.0,2.0,0.0,0.0,2.0,0.0,0.0,0.0,0.0,0.0,1.0,0.0,0.0,0.0,1.0,0.0,0.0,0.0,0.0,0.0,1.0,0.0,0.0,-1.0,0.0,0.0,1.0,0.0,0.0,inf,inf,inf,inf,0.0,inf,inf,100.0,inf,inf,-100.0,inf,inf,inf,inf,inf
2020-06-27,0.0,0.0,0.0,0.0,3.0,1.0,0.0,0.0,0.0,0.0,0.0,2.0,0.0,4.0,0.0,0.0,0.0,-1.0,0.0,0.0,1.0,1.0,0.0,-2.0,0.0,0.0,0.0,2.0,0.0,3.0,0.0,0.0,inf,-100.0,inf,inf,50.0,inf,inf,-100.0,inf,inf,inf,inf,inf,300.0,inf,inf
2020-06-28,0.0,0.0,0.0,0.0,5.0,0.0,0.0,0.0,0.0,0.0,0.0,2.0,1.0,1.0,0.0,0.0,0.0,0.0,0.0,0.0,2.0,-1.0,0.0,0.0,0.0,0.0,0.0,0.0,1.0,-3.0,0.0,0.0,inf,inf,inf,inf,66.66666666666667,-100.0,inf,inf,inf,inf,inf,0.0,inf,-75.0,inf,inf
2020-06-29,0.0,0.0,0.0,0.0,2.0,0.0,0.0,0.0,0.0,0.0,0.0,1.0,0.0,0.0,0.0,0.0,0.0,0.0,0.0,0.0,-3.0,0.0,0.0,0.0,0.0,0.0,0.0,-1.0,-1.0,-1.0,0.0,0.0,inf,inf,inf,inf,-60.0,inf,inf,inf,inf,inf,inf,-50.0,-100.0,-100.0,inf,inf
2020-06-30,0.0,0.0,0.0,0.0,1.0,0.0,0.0,0.0,0.0,0.0,0.0,1.0,0.0,0.0,0.0,0.0,0.0,0.0,0.0,0.0,-1.0,0.0,0.0,0.0,0.0,0.0,0.0,0.0,0.0,0.0,0.0,0.0,inf,inf,inf,inf,-50.0,inf,inf,inf,inf,inf,inf,0.0,inf,inf,inf,inf
2020-01-07,0.0,0.0,0.0,0.0,1.0,0.0,0.0,0.0,0.0,0.0,0.0,0.0,0.0,0.0,0.0,0.0,0.0,0.0,0.0,0.0,0.0,0.0,0.0,0.0,0.0,0.0,0.0,-1.0,0.0,0.0,0.0,0.0,inf,inf,inf,inf,0.0,inf,inf,inf,inf,inf,inf,-100.0,inf,inf,inf,inf
2020-02-07,0.0,0.0,0.0,0.0,0.0,0.0,0.0,1.0,0.0,0.0,0.0,1.0,0.0,1.0,0.0,0.0,0.0,0.0,0.0,0.0,-1.0,0.0,0.0,1.0,0.0,0.0,0.0,1.0,0.0,1.0,0.0,0.0,inf,inf,inf,inf,-100.0,inf,inf,inf,inf,inf,inf,inf,inf,inf,inf,inf
2020-03-07,0.0,0.0,0.0,0.0,3.0,0.0,0.0,0.0,0.0,0.0,0.0,2.0,0.0,0.0,0.0,0.0,0.0,0.0,0.0,0.0,3.0,0.0,0.0,-1.0,0.0,0.0,0.0,1.0,0.0,-1.0,0.0,0.0,inf,inf,inf,inf,inf,inf,inf,-100.0,inf,inf,inf,100.0,inf,-100.0,inf,inf
2020-04-07,0.0,0.0,0.0,0.0,7.0,10.0,0.0,0.0,0.0,0.0,0.0,1.0,0.0,1.0,0.0,0.0,0.0,0.0,0.0,0.0,4.0,10.0,0.0,0.0,0.0,0.0,0.0,-1.0,0.0,1.0,0.0,0.0,inf,inf,inf,inf,133.33333333333334,inf,inf,inf,inf,inf,inf,-50.0,inf,inf,inf,inf
2020-05-07,0.0,0.0,0.0,0.0,2.0,1.0,0.0,0.0,0.0,0.0,0.0,2.0,0.0,0.0,0.0,0.0,0.0,0.0,0.0,0.0,-5.0,-9.0,0.0,0.0,0.0,0.0,0.0,1.0,0.0,-1.0,0.0,0.0,inf,inf,inf,inf,-71.42857142857143,-90.0,inf,inf,inf,inf,inf,100.0,inf,-100.0,inf,inf
2020-06-07,0.0,0.0,0.0,0.0,2.0,0.0,0.0,1.0,0.0,0.0,0.0,0.0,1.0,1.0,0.0,0.0,0.0,0.0,0.0,0.0,0.0,-1.0,0.0,1.0,0.0,0.0,0.0,-2.0,1.0,1.0,0.0,0.0,inf,inf,inf,inf,0.0,-100.0,inf,inf,inf,inf,inf,-100.0,inf,inf,inf,inf
2020-07-07,0.0,0.0,0.0,0.0,3.0,0.0,0.0,1.0,0.0,0.0,0.0,0.0,0.0,2.0,0.0,0.0,0.0,0.0,0.0,0.0,1.0,0.0,0.0,0.0,0.0,0.0,0.0,0.0,-1.0,1.0,0.0,0.0,inf,inf,inf,inf,50.0,inf,inf,0.0,inf,inf,inf,inf,-100.0,100.0,inf,inf
2020-08-07,0.0,0.0,0.0,0.0,1.0,0.0,0.0,0.0,0.0,0.0,0.0,0.0,1.0,1.0,0.0,0.0,0.0,0.0,0.0,0.0,-2.0,0.0,0.0,-1.0,0.0,0.0,0.0,0.0,1.0,-1.0,0.0,0.0,inf,inf,inf,inf,-66.66666666666667,inf,inf,-100.0,inf,inf,inf,inf,inf,-50.0,inf,inf
2020-09-07,0.0,1.0,0.0,0.0,4.0,0.0,0.0,2.0,0.0,0.0,0.0,0.0,2.0,3.0,0.0,0.0,0.0,1.0,0.0,0.0,3.0,0.0,0.0,2.0,0.0,0.0,0.0,0.0,1.0,2.0,0.0,0.0,inf,inf,inf,inf,300.0,inf,inf,inf,inf,inf,inf,inf,100.0,200.0,inf,inf
2020-10-07,0.0,0.0,0.0,0.0,6.0,0.0,0.0,1.0,0.0,0.0,0.0,1.0,0.0,0.0,0.0,0.0,0.0,-1.0,0.0,0.0,2.0,0.0,0.0,-1.0,0.0,0.0,0.0,1.0,-2.0,-3.0,0.0,0.0,inf,-100.0,inf,inf,50.0,inf,inf,-50.0,inf,inf,inf,inf,-100.0,-100.0,inf,inf
2020-11-07,0.0,0.0,0.0,0.0,3.0,0.0,1.0,2.0,0.0,0.0,0.0,0.0,2.0,0.0,1.0,0.0,0.0,0.0,0.0,0.0,-3.0,0.0,1.0,1.0,0.0,0.0,0.0,-1.0,2.0,0.0,1.0,0.0,inf,inf,inf,inf,-50.0,inf,inf,100.0,inf,inf,inf,-100.0,inf,inf,inf,inf
2020-12-07,0.0,0.0,0.0,0.0,9.0,0.0,0.0,0.0,0.0,0.0,0.0,1.0,2.0,0.0,0.0,0.0,0.0,0.0,0.0,0.0,6.0,0.0,-1.0,-2.0,0.0,0.0,0.0,1.0,0.0,0.0,-1.0,0.0,inf,inf,inf,inf,200.0,inf,-100.0,-100.0,inf,inf,inf,inf,0.0,inf,-100.0,inf
2020-07-13,0.0,1.0,0.0,0.0,4.0,0.0,1.0,0.0,0.0,0.0,0.0,0.0,1.0,0.0,0.0,0.0,0.0,1.0,0.0,0.0,-5.0,0.0,1.0,0.0,0.0,0.0,0.0,-1.0,-1.0,0.0,0.0,0.0,inf,inf,inf,inf,-55.55555555555556,inf,inf,inf,inf,inf,inf,-100.0,-50.0,inf,inf,inf
2020-07-14,0.0,0.0,0.0,0.0,1.0,0.0,0.0,2.0,0.0,0.0,0.0,0.0,0.0,1.0,0.0,0.0,0.0,-1.0,0.0,0.0,-3.0,0.0,-1.0,2.0,0.0,0.0,0.0,0.0,-1.0,1.0,0.0,0.0,inf,-100.0,inf,inf,-75.0,inf,-100.0,inf,inf,inf,inf,inf,-100.0,inf,inf,inf
2020-07-15,0.0,0.0,0.0,0.0,1.0,0.0,0.0,0.0,0.0,0.0,0.0,0.0,3.0,1.0,0.0,0.0,0.0,0.0,0.0,0.0,0.0,0.0,0.0,-2.0,0.0,0.0,0.0,0.0,3.0,0.0,0.0,0.0,inf,inf,inf,inf,0.0,inf,inf,-100.0,inf,inf,inf,inf,inf,0.0,inf,inf
2020-07-16,0.0,0.0,0.0,0.0,0.0,0.0,0.0,0.0,0.0,1.0,0.0,0.0,1.0,1.0,0.0,0.0,0.0,0.0,0.0,0.0,-1.0,0.0,0.0,0.0,0.0,1.0,0.0,0.0,-2.0,0.0,0.0,0.0,inf,inf,inf,inf,-100.0,inf,inf,inf,inf,inf,inf,inf,-66.66666666666667,0.0,inf,inf
2020-07-17,0.0,0.0,0.0,0.0,4.0,0.0,0.0,0.0,0.0,2.0,0.0,1.0,10.0,0.0,0.0,0.0,0.0,0.0,0.0,0.0,4.0,0.0,0.0,0.0,0.0,1.0,0.0,1.0,9.0,-1.0,0.0,0.0,inf,inf,inf,inf,inf,inf,inf,inf,inf,100.0,inf,inf,900.0,-100.0,inf,inf
2020-07-18,0.0,0.0,0.0,0.0,1.0,0.0,0.0,0.0,0.0,0.0,1.0,0.0,7.0,0.0,0.0,0.0,0.0,0.0,0.0,0.0,-3.0,0.0,0.0,0.0,0.0,-2.0,1.0,-1.0,-3.0,0.0,0.0,0.0,inf,inf,inf,inf,-75.0,inf,inf,inf,inf,-100.0,inf,-100.0,-30.000000000000004,inf,inf,inf
2020-07-19,0.0,0.0,0.0,2.0,4.0,0.0,0.0,1.0,0.0,0.0,0.0,1.0,6.0,2.0,0.0,0.0,0.0,0.0,0.0,2.0,3.0,0.0,0.0,1.0,0.0,0.0,-1.0,1.0,-1.0,2.0,0.0,0.0,inf,inf,inf,inf,300.0,inf,inf,inf,inf,inf,-100.0,inf,-14.28571428571429,inf,inf,inf
2020-07-20,0.0,1.0,0.0,0.0,4.0,1.0,0.0,14.0,0.0,0.0,0.0,0.0,1.0,0.0,0.0,0.0,0.0,1.0,0.0,-2.0,0.0,1.0,0.0,13.0,0.0,0.0,0.0,-1.0,-5.0,-2.0,0.0,0.0,inf,inf,inf,-100.0,0.0,inf,inf,1300.0,inf,inf,inf,-100.0,-83.33333333333334,-100.0,inf,inf
2020-07-21,0.0,0.0,0.0,0.0,2.0,0.0,0.0,0.0,0.0,0.0,0.0,1.0,11.0,1.0,0.0,0.0,0.0,-1.0,0.0,0.0,-2.0,-1.0,0.0,-14.0,0.0,0.0,0.0,1.0,10.0,1.0,0.0,0.0,inf,-100.0,inf,inf,-50.0,-100.0,inf,-100.0,inf,inf,inf,inf,1000.0,inf,inf,inf
2020-07-22,0.0,0.0,0.0,1.0,3.0,0.0,0.0,1.0,0.0,0.0,0.0,0.0,9.0,2.0,0.0,0.0,0.0,0.0,0.0,1.0,1.0,0.0,0.0,1.0,0.0,0.0,0.0,-1.0,-2.0,1.0,0.0,0.0,inf,inf,inf,inf,50.0,inf,inf,inf,inf,inf,inf,-100.0,-18.181818181818176,100.0,inf,inf
2020-07-23,0.0,0.0,0.0,0.0,0.0,0.0,0.0,1.0,1.0,0.0,1.0,1.0,4.0,1.0,0.0,0.0,0.0,0.0,0.0,-1.0,-3.0,0.0,0.0,0.0,1.0,0.0,1.0,1.0,-5.0,-1.0,0.0,0.0,inf,inf,inf,-100.0,-100.0,inf,inf,0.0,inf,inf,inf,inf,-55.55555555555556,-50.0,inf,inf
2020-07-24,0.0,0.0,0.0,1.0,0.0,0.0,0.0,0.0,3.0,0.0,0.0,0.0,0.0,0.0,0.0,0.0,0.0,0.0,0.0,1.0,0.0,0.0,0.0,-1.0,2.0,0.0,-1.0,-1.0,-4.0,-1.0,0.0,0.0,inf,inf,inf,inf,inf,inf,inf,-100.0,200.0,inf,-100.0,-100.0,-100.0,-100.0,inf,inf
2020-07-25,0.0,0.0,0.0,0.0,6.0,0.0,0.0,12.0,0.0,0.0,0.0,0.0,17.0,4.0,0.0,1.0,0.0,0.0,0.0,-1.0,6.0,0.0,0.0,12.0,-3.0,0.0,0.0,0.0,17.0,4.0,0.0,1.0,inf,inf,inf,-100.0,inf,inf,inf,inf,-100.0,inf,inf,inf,inf,inf,inf,inf
2020-07-26,0.0,0.0,0.0,0.0,0.0,0.0,0.0,7.0,1.0,0.0,1.0,1.0,1.0,2.0,0.0,0.0,0.0,0.0,0.0,0.0,-6.0,0.0,0.0,-5.0,1.0,0.0,1.0,1.0,-16.0,-2.0,0.0,-1.0,inf,inf,inf,inf,-100.0,inf,inf,-41.666666666666664,inf,inf,inf,inf,-94.11764705882352,-50.0,inf,-100.0
2020-07-27,0.0,0.0,0.0,0.0,1.0,0.0,0.0,0.0,0.0,0.0,0.0,4.0,0.0,2.0,0.0,0.0,0.0,0.0,0.0,0.0,1.0,0.0,0.0,-7.0,-1.0,0.0,-1.0,3.0,-1.0,0.0,0.0,0.0,inf,inf,inf,inf,inf,inf,inf,-100.0,-100.0,inf,-100.0,300.0,-100.0,0.0,inf,inf
2020-07-28,0.0,6.0,0.0,0.0,0.0,0.0,0.0,0.0,0.0,0.0,0.0,3.0,25.0,4.0,0.0,1.0,0.0,6.0,0.0,0.0,-1.0,0.0,0.0,0.0,0.0,0.0,0.0,-1.0,25.0,2.0,0.0,1.0,inf,inf,inf,inf,-100.0,inf,inf,inf,inf,inf,inf,-25.0,inf,100.0,inf,inf
2020-07-29,1.0,0.0,0.0,0.0,2.0,0.0,0.0,0.0,0.0,0.0,0.0,1.0,2.0,6.0,0.0,0.0,1.0,-6.0,0.0,0.0,2.0,0.0,0.0,0.0,0.0,0.0,0.0,-2.0,-23.0,2.0,0.0,-1.0,inf,-100.0,inf,inf,inf,inf,inf,inf,inf,inf,inf,-66.66666666666667,-92.0,50.0,inf,-100.0
2020-07-30,0.0,1.0,0.0,0.0,1.0,0.0,0.0,2.0,0.0,0.0,0.0,4.0,0.0,1.0,0.0,0.0,-1.0,1.0,0.0,0.0,-1.0,0.0,0.0,2.0,0.0,0.0,0.0,3.0,-2.0,-5.0,0.0,0.0,-100.0,inf,inf,inf,-50.0,inf,inf,inf,inf,inf,inf,300.0,-100.0,-83.33333333333334,inf,inf
2020-07-31,0.0,2.0,0.0,0.0,1.0,1.0,0.0,3.0,0.0,0.0,0.0,1.0,1.0,3.0,0.0,0.0,0.0,1.0,0.0,0.0,0.0,1.0,0.0,1.0,0.0,0.0,0.0,-3.0,1.0,2.0,0.0,0.0,inf,100.0,inf,inf,0.0,inf,inf,50.0,inf,inf,inf,-75.0,inf,200.0,inf,inf
2020-01-08,0.0,1.0,0.0,2.0,6.0,0.0,0.0,0.0,0.0,0.0,0.0,0.0,0.0,0.0,0.0,0.0,0.0,-1.0,0.0,2.0,5.0,-1.0,0.0,-3.0,0.0,0.0,0.0,-1.0,-1.0,-3.0,0.0,0.0,inf,-50.0,inf,inf,500.0,-100.0,inf,-100.0,inf,inf,inf,-100.0,-100.0,-100.0,inf,inf
2020-02-08,0.0,11.0,0.0,0.0,1.0,0.0,0.0,0.0,0.0,0.0,0.0,2.0,0.0,0.0,0.0,0.0,0.0,10.0,0.0,-2.0,-5.0,0.0,0.0,0.0,0.0,0.0,0.0,2.0,0.0,0.0,0.0,0.0,inf,1000.0,inf,-100.0,-83.33333333333334,inf,inf,inf,inf,inf,inf,inf,inf,inf,inf,inf
2020-03-08,0.0,1.0,0.0,0.0,0.0,0.0,0.0,0.0,0.0,0.0,0.0,0.0,0.0,0.0,0.0,1.0,0.0,-10.0,0.0,0.0,-1.0,0.0,0.0,0.0,0.0,0.0,0.0,-2.0,0.0,0.0,0.0,1.0,inf,-90.9090909090909,inf,inf,-100.0,inf,inf,inf,inf,inf,inf,-100.0,inf,inf,inf,inf
2020-04-08,1.0,0.0,0.0,0.0,0.0,0.0,0.0,0.0,0.0,0.0,0.0,0.0,0.0,0.0,0.0,0.0,1.0,-1.0,0.0,0.0,0.0,0.0,0.0,0.0,0.0,0.0,0.0,0.0,0.0,0.0,0.0,-1.0,inf,-100.0,inf,inf,inf,inf,inf,inf,inf,inf,inf,inf,inf,inf,inf,-100.0
2020-05-08,0.0,3.0,0.0,0.0,0.0,0.0,0.0,1.0,0.0,0.0,0.0,2.0,0.0,15.0,0.0,0.0,-1.0,3.0,0.0,0.0,0.0,0.0,0.0,1.0,0.0,0.0,0.0,2.0,0.0,15.0,0.0,0.0,-100.0,inf,inf,inf,inf,inf,inf,inf,inf,inf,inf,inf,inf,inf,inf,inf
2020-06-08,0.0,6.0,0.0,0.0,0.0,2.0,0.0,0.0,0.0,0.0,0.0,4.0,0.0,2.0,0.0,1.0,0.0,3.0,0.0,0.0,0.0,2.0,0.0,-1.0,0.0,0.0,0.0,2.0,0.0,-13.0,0.0,1.0,inf,100.0,inf,inf,inf,inf,inf,-100.0,inf,inf,inf,100.0,inf,-86.66666666666667,inf,inf
2020-07-08,10.0,1.0,1.0,2.0,2.0,0.0,0.0,1.0,0.0,0.0,0.0,4.0,1.0,3.0,0.0,0.0,10.0,-5.0,1.0,2.0,2.0,-2.0,0.0,1.0,0.0,0.0,0.0,0.0,1.0,1.0,0.0,-1.0,inf,-83.33333333333334,inf,inf,inf,-100.0,inf,inf,inf,inf,inf,0.0,inf,50.0,inf,-100.0
2020-08-08,0.0,0.0,0.0,0.0,1.0,1.0,0.0,0.0,0.0,0.0,0.0,0.0,1.0,3.0,0.0,1.0,-10.0,-1.0,-1.0,-2.0,-1.0,1.0,0.0,-1.0,0.0,0.0,0.0,-4.0,0.0,0.0,0.0,1.0,-100.0,-100.0,-100.0,-100.0,-50.0,inf,inf,-100.0,inf,inf,inf,-100.0,0.0,0.0,inf,inf
2020-09-08,0.0,0.0,3.0,0.0,1.0,0.0,0.0,0.0,0.0,0.0,0.0,0.0,1.0,7.0,1.0,0.0,0.0,0.0,3.0,0.0,0.0,-1.0,0.0,0.0,0.0,0.0,0.0,0.0,0.0,4.0,1.0,-1.0,inf,inf,inf,inf,0.0,-100.0,inf,inf,inf,inf,inf,inf,0.0,133.33333333333334,inf,-100.0
2020-10-08,0.0,0.0,0.0,3.0,4.0,0.0,1.0,2.0,0.0,0.0,0.0,0.0,0.0,1.0,0.0,0.0,0.0,0.0,-3.0,3.0,3.0,0.0,1.0,2.0,0.0,0.0,0.0,0.0,-1.0,-6.0,-1.0,0.0,inf,inf,-100.0,inf,300.0,inf,inf,inf,inf,inf,inf,inf,-100.0,-85.71428571428572,-100.0,inf
2020-11-08,0.0,0.0,0.0,0.0,1.0,0.0,0.0,1.0,0.0,0.0,0.0,1.0,0.0,6.0,0.0,0.0,0.0,0.0,0.0,-3.0,-3.0,0.0,-1.0,-1.0,0.0,0.0,0.0,1.0,0.0,5.0,0.0,0.0,inf,inf,inf,-100.0,-75.0,inf,-100.0,-50.0,inf,inf,inf,inf,inf,500.0,inf,inf
2020-12-08,0.0,2.0,0.0,0.0,0.0,0.0,0.0,2.0,0.0,0.0,0.0,4.0,0.0,4.0,0.0,0.0,0.0,2.0,0.0,0.0,-1.0,0.0,0.0,1.0,0.0,0.0,0.0,3.0,0.0,-2.0,0.0,0.0,inf,inf,inf,inf,-100.0,inf,inf,100.0,inf,inf,inf,300.0,inf,-33.333333333333336,inf,inf
2020-08-13,0.0,9.0,0.0,0.0,3.0,0.0,0.0,0.0,0.0,0.0,0.0,0.0,0.0,3.0,0.0,0.0,0.0,7.0,0.0,0.0,3.0,0.0,0.0,-2.0,0.0,0.0,0.0,-4.0,0.0,-1.0,0.0,0.0,inf,350.0,inf,inf,inf,inf,inf,-100.0,inf,inf,inf,-100.0,inf,-25.0,inf,inf
2020-08-14,0.0,12.0,1.0,0.0,2.0,0.0,0.0,0.0,0.0,0.0,0.0,0.0,1.0,3.0,0.0,0.0,0.0,3.0,1.0,0.0,-1.0,0.0,0.0,0.0,0.0,0.0,0.0,0.0,1.0,0.0,0.0,0.0,inf,33.33333333333333,inf,inf,-33.333333333333336,inf,inf,inf,inf,inf,inf,inf,inf,0.0,inf,inf
2020-08-15,1.0,14.0,2.0,0.0,0.0,2.0,0.0,1.0,0.0,0.0,0.0,0.0,0.0,6.0,0.0,0.0,1.0,2.0,1.0,0.0,-2.0,2.0,0.0,1.0,0.0,0.0,0.0,0.0,-1.0,3.0,0.0,0.0,inf,16.666666666666675,100.0,inf,-100.0,inf,inf,inf,inf,inf,inf,inf,-100.0,100.0,inf,inf
2020-08-16,0.0,5.0,1.0,0.0,5.0,0.0,0.0,0.0,0.0,0.0,0.0,1.0,0.0,13.0,0.0,0.0,-1.0,-9.0,-1.0,0.0,5.0,-2.0,0.0,-1.0,0.0,0.0,0.0,1.0,0.0,7.0,0.0,0.0,-100.0,-64.28571428571428,-50.0,inf,inf,-100.0,inf,-100.0,inf,inf,inf,inf,inf,116.66666666666666,inf,inf
2020-08-17,0.0,6.0,3.0,0.0,1.0,0.0,0.0,0.0,0.0,0.0,0.0,0.0,0.0,5.0,0.0,0.0,0.0,1.0,2.0,0.0,-4.0,0.0,0.0,0.0,0.0,0.0,0.0,-1.0,0.0,-8.0,0.0,0.0,inf,19.999999999999996,200.0,inf,-80.0,inf,inf,inf,inf,inf,inf,-100.0,inf,-61.53846153846154,inf,inf
2020-08-18,0.0,3.0,0.0,0.0,0.0,0.0,0.0,0.0,0.0,0.0,0.0,0.0,0.0,1.0,0.0,0.0,0.0,-3.0,-3.0,0.0,-1.0,0.0,0.0,0.0,0.0,0.0,0.0,0.0,0.0,-4.0,0.0,0.0,inf,-50.0,-100.0,inf,-100.0,inf,inf,inf,inf,inf,inf,inf,inf,-80.0,inf,inf
2020-08-19,0.0,7.0,4.0,0.0,0.0,0.0,0.0,1.0,0.0,0.0,0.0,0.0,0.0,3.0,0.0,1.0,0.0,4.0,4.0,0.0,0.0,0.0,0.0,1.0,0.0,0.0,0.0,0.0,0.0,2.0,0.0,1.0,inf,133.33333333333334,inf,inf,inf,inf,inf,inf,inf,inf,inf,inf,inf,200.0,inf,inf
2020-08-20,0.0,0.0,0.0,0.0,1.0,0.0,0.0,0.0,0.0,0.0,0.0,0.0,4.0,0.0,0.0,0.0,0.0,-7.0,-4.0,0.0,1.0,0.0,0.0,-1.0,0.0,0.0,0.0,0.0,4.0,-3.0,0.0,-1.0,inf,-100.0,-100.0,inf,inf,inf,inf,-100.0,inf,inf,inf,inf,inf,-100.0,inf,-100.0
2020-08-21,0.0,1.0,0.0,0.0,2.0,0.0,0.0,0.0,0.0,0.0,0.0,0.0,1.0,3.0,0.0,0.0,0.0,1.0,0.0,0.0,1.0,0.0,0.0,0.0,0.0,0.0,0.0,0.0,-3.0,3.0,0.0,0.0,inf,inf,inf,inf,100.0,inf,inf,inf,inf,inf,inf,inf,-75.0,inf,inf,inf
2020-08-22,0.0,7.0,0.0,0.0,0.0,0.0,0.0,0.0,0.0,0.0,0.0,1.0,1.0,1.0,0.0,0.0,0.0,6.0,0.0,0.0,-2.0,0.0,0.0,0.0,0.0,0.0,0.0,1.0,0.0,-2.0,0.0,0.0,inf,600.0,inf,inf,-100.0,inf,inf,inf,inf,inf,inf,inf,0.0,-66.66666666666667,inf,inf
2020-08-23,0.0,2.0,0.0,0.0,0.0,0.0,0.0,0.0,0.0,0.0,0.0,0.0,3.0,3.0,0.0,0.0,0.0,-5.0,0.0,0.0,0.0,0.0,0.0,0.0,0.0,0.0,0.0,-1.0,2.0,2.0,0.0,0.0,inf,-71.42857142857143,inf,inf,inf,inf,inf,inf,inf,inf,inf,-100.0,200.0,200.0,inf,inf
2020-08-24,0.0,0.0,0.0,0.0,0.0,0.0,0.0,0.0,0.0,0.0,0.0,0.0,5.0,2.0,0.0,0.0,0.0,-2.0,0.0,0.0,0.0,0.0,0.0,0.0,0.0,0.0,0.0,0.0,2.0,-1.0,0.0,0.0,inf,-100.0,inf,inf,inf,inf,inf,inf,inf,inf,inf,inf,66.66666666666667,-33.333333333333336,inf,inf
2020-08-25,1.0,7.0,0.0,0.0,5.0,0.0,0.0,0.0,0.0,0.0,0.0,0.0,0.0,0.0,0.0,0.0,1.0,7.0,0.0,0.0,5.0,0.0,0.0,0.0,0.0,0.0,0.0,0.0,-5.0,-2.0,0.0,0.0,inf,inf,inf,inf,inf,inf,inf,inf,inf,inf,inf,inf,-100.0,-100.0,inf,inf
2020-08-26,0.0,5.0,0.0,0.0,1.0,0.0,0.0,0.0,0.0,0.0,0.0,0.0,0.0,0.0,0.0,0.0,-1.0,-2.0,0.0,0.0,-4.0,0.0,0.0,0.0,0.0,0.0,0.0,0.0,0.0,0.0,0.0,0.0,-100.0,-28.57142857142857,inf,inf,-80.0,inf,inf,inf,inf,inf,inf,inf,inf,inf,inf,inf
2020-08-27,0.0,0.0,0.0,0.0,2.0,0.0,3.0,0.0,0.0,0.0,0.0,0.0,0.0,0.0,0.0,0.0,0.0,-5.0,0.0,0.0,1.0,0.0,3.0,0.0,0.0,0.0,0.0,0.0,0.0,0.0,0.0,0.0,inf,-100.0,inf,inf,100.0,inf,inf,inf,inf,inf,inf,inf,inf,inf,inf,inf
2020-08-28,0.0,1.0,0.0,0.0,3.0,0.0,0.0,0.0,0.0,0.0,0.0,0.0,1.0,5.0,0.0,0.0,0.0,1.0,0.0,0.0,1.0,0.0,-3.0,0.0,0.0,0.0,0.0,0.0,1.0,5.0,0.0,0.0,inf,inf,inf,inf,50.0,inf,-100.0,inf,inf,inf,inf,inf,inf,inf,inf,inf
2020-08-29,0.0,0.0,0.0,0.0,2.0,0.0,0.0,0.0,0.0,0.0,0.0,0.0,1.0,8.0,0.0,0.0,0.0,-1.0,0.0,0.0,-1.0,0.0,0.0,0.0,0.0,0.0,0.0,0.0,0.0,3.0,0.0,0.0,inf,-100.0,inf,inf,-33.333333333333336,inf,inf,inf,inf,inf,inf,inf,0.0,60.00000000000001,inf,inf
2020-08-30,0.0,1.0,0.0,0.0,1.0,0.0,0.0,0.0,0.0,0.0,0.0,0.0,1.0,14.0,0.0,0.0,0.0,1.0,0.0,0.0,-1.0,0.0,0.0,0.0,0.0,0.0,0.0,0.0,0.0,6.0,0.0,0.0,inf,inf,inf,inf,-50.0,inf,inf,inf,inf,inf,inf,inf,0.0,75.0,inf,inf
2020-08-31,0.0,2.0,0.0,0.0,4.0,0.0,0.0,0.0,0.0,0.0,0.0,0.0,0.0,0.0,0.0,0.0,0.0,1.0,0.0,0.0,3.0,0.0,0.0,0.0,0.0,0.0,0.0,0.0,-1.0,-14.0,0.0,0.0,inf,100.0,inf,inf,300.0,inf,inf,inf,inf,inf,inf,inf,-100.0,-100.0,inf,inf
2020-01-09,0.0,2.0,0.0,0.0,3.0,0.0,0.0,0.0,0.0,0.0,0.0,9.0,0.0,0.0,0.0,0.0,0.0,0.0,0.0,0.0,-1.0,0.0,0.0,0.0,0.0,0.0,0.0,9.0,0.0,0.0,0.0,0.0,inf,0.0,inf,inf,-25.0,inf,inf,inf,inf,inf,inf,inf,inf,inf,inf,inf
2020-02-09,0.0,0.0,0.0,0.0,1.0,0.0,0.0,0.0,1.0,0.0,0.0,0.0,0.0,4.0,0.0,0.0,0.0,-2.0,0.0,0.0,-2.0,0.0,0.0,0.0,1.0,0.0,0.0,-9.0,0.0,4.0,0.0,0.0,inf,-100.0,inf,inf,-66.66666666666667,inf,inf,inf,inf,inf,inf,-100.0,inf,inf,inf,inf
2020-03-09,0.0,4.0,0.0,0.0,0.0,2.0,0.0,1.0,0.0,0.0,0.0,6.0,0.0,1.0,0.0,0.0,0.0,4.0,0.0,0.0,-1.0,2.0,0.0,1.0,-1.0,0.0,0.0,6.0,0.0,-3.0,0.0,0.0,inf,inf,inf,inf,-100.0,inf,inf,inf,-100.0,inf,inf,inf,inf,-75.0,inf,inf
2020-04-09,0.0,1.0,0.0,0.0,2.0,1.0,0.0,0.0,0.0,0.0,0.0,0.0,0.0,7.0,0.0,0.0,0.0,-3.0,0.0,0.0,2.0,-1.0,0.0,-1.0,0.0,0.0,0.0,-6.0,0.0,6.0,0.0,0.0,inf,-75.0,inf,inf,inf,-50.0,inf,-100.0,inf,inf,inf,-100.0,inf,600.0,inf,inf
2020-05-09,0.0,1.0,0.0,0.0,0.0,0.0,0.0,0.0,0.0,0.0,0.0,1.0,0.0,4.0,0.0,0.0,0.0,0.0,0.0,0.0,-2.0,-1.0,0.0,0.0,0.0,0.0,0.0,1.0,0.0,-3.0,0.0,0.0,inf,0.0,inf,inf,-100.0,-100.0,inf,inf,inf,inf,inf,inf,inf,-42.85714285714286,inf,inf
2020-06-09,0.0,0.0,1.0,0.0,0.0,0.0,0.0,0.0,0.0,0.0,0.0,2.0,0.0,3.0,0.0,0.0,0.0,-1.0,1.0,0.0,0.0,0.0,0.0,0.0,0.0,0.0,0.0,1.0,0.0,-1.0,0.0,0.0,inf,-100.0,inf,inf,inf,inf,inf,inf,inf,inf,inf,100.0,inf,-25.0,inf,inf
2020-07-09,0.0,4.0,1.0,0.0,2.0,0.0,0.0,0.0,0.0,0.0,0.0,51.0,0.0,4.0,0.0,0.0,0.0,4.0,0.0,0.0,2.0,0.0,0.0,0.0,0.0,0.0,0.0,49.0,0.0,1.0,0.0,0.0,inf,inf,0.0,inf,inf,inf,inf,inf,inf,inf,inf,2450.0,inf,33.33333333333333,inf,inf
2020-08-09,1.0,22.0,0.0,0.0,9.0,1.0,0.0,0.0,0.0,0.0,0.0,62.0,0.0,5.0,0.0,0.0,1.0,18.0,-1.0,0.0,7.0,1.0,0.0,0.0,0.0,0.0,0.0,11.0,0.0,1.0,0.0,0.0,inf,450.0,-100.0,inf,350.0,inf,inf,inf,inf,inf,inf,21.568627450980383,inf,25.0,inf,inf
2020-09-09,0.0,16.0,0.0,0.0,1.0,1.0,0.0,0.0,0.0,0.0,0.0,4.0,1.0,1.0,0.0,0.0,-1.0,-6.0,0.0,0.0,-8.0,0.0,0.0,0.0,0.0,0.0,0.0,-58.0,1.0,-4.0,0.0,0.0,-100.0,-27.27272727272727,inf,inf,-88.88888888888889,0.0,inf,inf,inf,inf,inf,-93.5483870967742,inf,-80.0,inf,inf
2020-10-09,0.0,4.0,0.0,0.0,1.0,0.0,0.0,0.0,0.0,0.0,0.0,40.0,0.0,0.0,0.0,0.0,0.0,-12.0,0.0,0.0,0.0,-1.0,0.0,0.0,0.0,0.0,0.0,36.0,-1.0,-1.0,0.0,0.0,inf,-75.0,inf,inf,0.0,-100.0,inf,inf,inf,inf,inf,900.0,-100.0,-100.0,inf,inf
2020-11-09,0.0,14.0,0.0,0.0,1.0,0.0,0.0,0.0,0.0,0.0,0.0,167.0,0.0,0.0,0.0,0.0,0.0,10.0,0.0,0.0,0.0,0.0,0.0,0.0,0.0,0.0,0.0,127.0,0.0,0.0,0.0,0.0,inf,250.0,inf,inf,0.0,inf,inf,inf,inf,inf,inf,317.5,inf,inf,inf,inf
2020-12-09,0.0,5.0,0.0,0.0,2.0,0.0,0.0,0.0,0.0,0.0,0.0,49.0,0.0,2.0,0.0,0.0,0.0,-9.0,0.0,0.0,1.0,0.0,0.0,0.0,0.0,0.0,0.0,-118.0,0.0,2.0,0.0,0.0,inf,-64.28571428571428,inf,inf,100.0,inf,inf,inf,inf,inf,inf,-70.65868263473054,inf,inf,inf,inf
2020-09-13,0.0,14.0,0.0,0.0,1.0,0.0,0.0,0.0,0.0,0.0,0.0,31.0,0.0,1.0,0.0,0.0,0.0,9.0,0.0,0.0,-1.0,0.0,0.0,0.0,0.0,0.0,0.0,-18.0,0.0,-1.0,0.0,0.0,inf,179.99999999999997,inf,inf,-50.0,inf,inf,inf,inf,inf,inf,-36.73469387755102,inf,-50.0,inf,inf
2020-09-14,0.0,1.0,0.0,0.0,0.0,4.0,0.0,0.0,0.0,0.0,0.0,25.0,0.0,1.0,0.0,0.0,0.0,-13.0,0.0,0.0,-1.0,4.0,0.0,0.0,0.0,0.0,0.0,-6.0,0.0,0.0,0.0,0.0,inf,-92.85714285714286,inf,inf,-100.0,inf,inf,inf,inf,inf,inf,-19.354838709677423,inf,0.0,inf,inf
2020-09-15,0.0,0.0,0.0,0.0,5.0,0.0,0.0,0.0,0.0,0.0,0.0,13.0,0.0,5.0,0.0,0.0,0.0,-1.0,0.0,0.0,5.0,-4.0,0.0,0.0,0.0,0.0,0.0,-12.0,0.0,4.0,0.0,0.0,inf,-100.0,inf,inf,inf,-100.0,inf,inf,inf,inf,inf,-48.0,inf,400.0,inf,inf
2020-09-16,0.0,1.0,1.0,0.0,0.0,0.0,0.0,0.0,0.0,0.0,0.0,60.0,0.0,0.0,0.0,0.0,0.0,1.0,1.0,0.0,-5.0,0.0,0.0,0.0,0.0,0.0,0.0,47.0,0.0,-5.0,0.0,0.0,inf,inf,inf,inf,-100.0,inf,inf,inf,inf,inf,inf,361.5384615384615,inf,-100.0,inf,inf
2020-09-17,0.0,7.0,2.0,0.0,3.0,0.0,0.0,0.0,0.0,0.0,0.0,8.0,1.0,0.0,0.0,0.0,0.0,6.0,1.0,0.0,3.0,0.0,0.0,0.0,0.0,0.0,0.0,-52.0,1.0,0.0,0.0,0.0,inf,600.0,100.0,inf,inf,inf,inf,inf,inf,inf,inf,-86.66666666666667,inf,inf,inf,inf
2020-09-18,0.0,0.0,0.0,0.0,3.0,1.0,0.0,0.0,0.0,0.0,0.0,91.0,0.0,0.0,0.0,0.0,0.0,-7.0,-2.0,0.0,0.0,1.0,0.0,0.0,0.0,0.0,0.0,83.0,-1.0,0.0,0.0,0.0,inf,-100.0,-100.0,inf,0.0,inf,inf,inf,inf,inf,inf,1037.5,-100.0,inf,inf,inf
2020-09-19,0.0,9.0,0.0,0.0,1.0,0.0,0.0,0.0,0.0,0.0,0.0,8.0,0.0,2.0,0.0,0.0,0.0,9.0,0.0,0.0,-2.0,-1.0,0.0,0.0,0.0,0.0,0.0,-83.0,0.0,2.0,0.0,0.0,inf,inf,inf,inf,-66.66666666666667,-100.0,inf,inf,inf,inf,inf,-91.20879120879121,inf,inf,inf,inf
2020-09-20,0.0,3.0,1.0,0.0,4.0,0.0,0.0,0.0,0.0,0.0,0.0,36.0,0.0,6.0,0.0,2.0,0.0,-6.0,1.0,0.0,3.0,0.0,0.0,0.0,0.0,0.0,0.0,28.0,0.0,4.0,0.0,2.0,inf,-66.66666666666667,inf,inf,300.0,inf,inf,inf,inf,inf,inf,350.0,inf,200.0,inf,inf
2020-09-21,0.0,1.0,0.0,0.0,4.0,0.0,0.0,0.0,0.0,0.0,0.0,49.0,0.0,3.0,0.0,0.0,0.0,-2.0,-1.0,0.0,0.0,0.0,0.0,0.0,0.0,0.0,0.0,13.0,0.0,-3.0,0.0,-2.0,inf,-66.66666666666667,-100.0,inf,0.0,inf,inf,inf,inf,inf,inf,36.111111111111114,inf,-50.0,inf,-100.0
2020-09-22,0.0,10.0,0.0,0.0,1.0,0.0,0.0,0.0,0.0,0.0,0.0,60.0,2.0,9.0,0.0,0.0,0.0,9.0,0.0,0.0,-3.0,0.0,0.0,0.0,0.0,0.0,0.0,11.0,2.0,6.0,0.0,0.0,inf,900.0,inf,inf,-75.0,inf,inf,inf,inf,inf,inf,22.44897959183674,inf,200.0,inf,inf
2020-09-23,0.0,5.0,0.0,0.0,2.0,0.0,0.0,0.0,0.0,0.0,1.0,134.0,0.0,5.0,0.0,0.0,0.0,-5.0,0.0,0.0,1.0,0.0,0.0,0.0,0.0,0.0,1.0,74.0,-2.0,-4.0,0.0,0.0,inf,-50.0,inf,inf,100.0,inf,inf,inf,inf,inf,inf,123.33333333333334,-100.0,-44.44444444444444,inf,inf
2020-09-24,0.0,4.0,0.0,0.0,3.0,0.0,0.0,1.0,0.0,0.0,0.0,63.0,0.0,0.0,0.0,0.0,0.0,-1.0,0.0,0.0,1.0,0.0,0.0,1.0,0.0,0.0,-1.0,-71.0,0.0,-5.0,0.0,0.0,inf,-19.999999999999996,inf,inf,50.0,inf,inf,inf,inf,inf,-100.0,-52.98507462686567,inf,-100.0,inf,inf
2020-09-25,0.0,8.0,0.0,0.0,2.0,0.0,0.0,1.0,1.0,0.0,0.0,97.0,0.0,2.0,0.0,0.0,0.0,4.0,0.0,0.0,-1.0,0.0,0.0,0.0,1.0,0.0,0.0,34.0,0.0,2.0,0.0,0.0,inf,100.0,inf,inf,-33.333333333333336,inf,inf,0.0,inf,inf,inf,53.968253968253975,inf,inf,inf,inf
2020-09-26,0.0,0.0,0.0,0.0,2.0,3.0,1.0,1.0,1.0,2.0,0.0,64.0,1.0,6.0,0.0,1.0,0.0,-8.0,0.0,0.0,0.0,3.0,1.0,0.0,0.0,2.0,0.0,-33.0,1.0,4.0,0.0,1.0,inf,-100.0,inf,inf,0.0,inf,inf,0.0,0.0,inf,inf,-34.02061855670103,inf,200.0,inf,inf
2020-09-27,0.0,0.0,0.0,0.0,11.0,0.0,1.0,2.0,4.0,0.0,0.0,124.0,2.0,6.0,0.0,0.0,0.0,0.0,0.0,0.0,9.0,-3.0,0.0,1.0,3.0,-2.0,0.0,60.0,1.0,0.0,0.0,-1.0,inf,inf,inf,inf,450.0,-100.0,0.0,100.0,300.0,-100.0,inf,93.75,100.0,0.0,inf,-100.0
2020-09-28,0.0,1.0,0.0,0.0,11.0,1.0,1.0,0.0,0.0,1.0,0.0,98.0,0.0,1.0,0.0,1.0,0.0,1.0,0.0,0.0,0.0,1.0,0.0,-2.0,-4.0,1.0,0.0,-26.0,-2.0,-5.0,0.0,1.0,inf,inf,inf,inf,0.0,inf,0.0,-100.0,-100.0,inf,inf,-20.967741935483875,-100.0,-83.33333333333334,inf,inf
2020-09-29,1.0,1.0,1.0,1.0,15.0,0.0,1.0,2.0,0.0,0.0,1.0,73.0,3.0,1.0,1.0,0.0,1.0,0.0,1.0,1.0,4.0,-1.0,0.0,2.0,0.0,-1.0,1.0,-25.0,3.0,0.0,1.0,-1.0,inf,0.0,inf,inf,36.36363636363635,-100.0,0.0,inf,inf,-100.0,inf,-25.510204081632647,inf,0.0,inf,-100.0
2020-09-30,2.0,13.0,1.0,1.0,10.0,1.0,0.0,8.0,2.0,3.0,2.0,35.0,4.0,6.0,0.0,1.0,1.0,12.0,0.0,0.0,-5.0,1.0,-1.0,6.0,2.0,3.0,1.0,-38.0,1.0,5.0,-1.0,1.0,100.0,1200.0,0.0,0.0,-33.333333333333336,inf,-100.0,300.0,inf,inf,100.0,-52.05479452054795,33.33333333333333,500.0,-100.0,inf
2020-01-10,2.0,98.0,1.0,0.0,13.0,0.0,1.0,5.0,1.0,2.0,0.0,78.0,0.0,14.0,5.0,0.0,0.0,85.0,0.0,-1.0,3.0,-1.0,1.0,-3.0,-1.0,-1.0,-2.0,43.0,-4.0,8.0,5.0,-1.0,0.0,653.8461538461538,0.0,-100.0,30.000000000000004,-100.0,inf,-37.5,-50.0,-33.333333333333336,-100.0,122.85714285714286,-100.0,133.33333333333334,inf,-100.0
2020-02-10,0.0,129.0,0.0,3.0,31.0,2.0,0.0,1.0,1.0,3.0,2.0,153.0,0.0,1.0,0.0,1.0,-2.0,31.0,-1.0,3.0,18.0,2.0,-1.0,-4.0,0.0,1.0,2.0,75.0,0.0,-13.0,-5.0,1.0,-100.0,31.63265306122449,-100.0,inf,138.46153846153845,inf,-100.0,-80.0,0.0,50.0,inf,96.15384615384615,inf,-92.85714285714286,-100.0,inf
2020-03-10,0.0,102.0,3.0,0.0,32.0,1.0,0.0,4.0,0.0,9.0,2.0,155.0,3.0,4.0,2.0,0.0,0.0,-27.0,3.0,-3.0,1.0,-1.0,0.0,3.0,-1.0,6.0,0.0,2.0,3.0,3.0,2.0,-1.0,inf,-20.93023255813954,inf,-100.0,3.2258064516129004,-50.0,inf,300.0,-100.0,200.0,0.0,1.3071895424836555,inf,300.0,inf,-100.0
2020-04-10,0.0,113.0,1.0,2.0,31.0,2.0,0.0,8.0,0.0,0.0,1.0,126.0,1.0,3.0,0.0,5.0,0.0,11.0,-2.0,2.0,-1.0,1.0,0.0,4.0,0.0,-9.0,-1.0,-29.0,-2.0,-1.0,-2.0,5.0,inf,10.784313725490202,-66.66666666666667,inf,-3.125,100.0,inf,100.0,inf,-100.0,-50.0,-18.709677419354843,-66.66666666666667,-25.0,-100.0,inf
2020-05-10,0.0,241.0,0.0,2.0,34.0,1.0,1.0,2.0,1.0,5.0,1.0,130.0,1.0,7.0,2.0,4.0,0.0,128.0,-1.0,0.0,3.0,-1.0,1.0,-6.0,1.0,5.0,0.0,4.0,0.0,4.0,2.0,-1.0,inf,113.27433628318585,-100.0,0.0,9.677419354838701,-50.0,inf,-75.0,inf,inf,0.0,3.1746031746031855,0.0,133.33333333333334,inf,-19.999999999999996
2020-06-10,0.0,397.0,3.0,8.0,39.0,7.0,0.0,6.0,0.0,1.0,0.0,219.0,3.0,6.0,1.0,1.0,0.0,156.0,3.0,6.0,5.0,6.0,-1.0,4.0,-1.0,-4.0,-1.0,89.0,2.0,-1.0,-1.0,-3.0,inf,64.73029045643153,inf,300.0,14.705882352941169,600.0,-100.0,200.0,-100.0,-80.0,-100.0,68.46153846153847,200.0,-14.28571428571429,-50.0,-75.0
2020-07-10,0.0,153.0,7.0,4.0,20.0,1.0,0.0,6.0,2.0,4.0,1.0,282.0,3.0,4.0,2.0,0.0,0.0,-244.0,4.0,-4.0,-19.0,-6.0,0.0,0.0,2.0,3.0,1.0,63.0,0.0,-2.0,1.0,-1.0,inf,-61.460957178841305,133.33333333333334,-50.0,-48.71794871794872,-85.71428571428572,inf,0.0,inf,300.0,inf,28.767123287671236,0.0,-33.333333333333336,100.0,-100.0
2020-08-10,0.0,16.0,1.0,5.0,36.0,2.0,1.0,5.0,1.0,5.0,0.0,271.0,8.0,12.0,2.0,10.0,0.0,-137.0,-6.0,1.0,16.0,1.0,1.0,-1.0,-1.0,1.0,-1.0,-11.0,5.0,8.0,0.0,10.0,inf,-89.54248366013073,-85.71428571428572,25.0,80.0,100.0,inf,-16.666666666666664,-50.0,25.0,-100.0,-3.900709219858156,166.66666666666666,200.0,0.0,inf
2020-09-10,0.0,10.0,8.0,1.0,24.0,4.0,0.0,5.0,0.0,5.0,0.0,274.0,10.0,10.0,2.0,1.0,0.0,-6.0,7.0,-4.0,-12.0,2.0,-1.0,0.0,-1.0,0.0,0.0,3.0,2.0,-2.0,0.0,-9.0,inf,-37.5,700.0,-80.0,-33.333333333333336,100.0,-100.0,0.0,-100.0,0.0,inf,1.1070110701107083,25.0,-16.666666666666664,0.0,-90.0
2020-10-10,0.0,27.0,3.0,2.0,44.0,0.0,1.0,2.0,0.0,0.0,0.0,277.0,9.0,6.0,1.0,2.0,0.0,17.0,-5.0,1.0,20.0,-4.0,1.0,-3.0,0.0,-5.0,0.0,3.0,-1.0,-4.0,-1.0,1.0,inf,170.00000000000003,-62.5,100.0,83.33333333333333,-100.0,inf,-60.0,inf,-100.0,inf,1.0948905109489093,-9.999999999999998,-40.0,-50.0,100.0
2020-11-10,0.0,16.0,1.0,1.0,26.0,0.0,3.0,3.0,0.0,3.0,0.0,488.0,0.0,15.0,0.0,5.0,0.0,-11.0,-2.0,-1.0,-18.0,0.0,2.0,1.0,0.0,3.0,0.0,211.0,-9.0,9.0,-1.0,3.0,inf,-40.74074074074075,-66.66666666666667,-50.0,-40.90909090909091,inf,200.0,50.0,inf,inf,inf,76.17328519855594,-100.0,150.0,-100.0,150.0
2020-12-10,0.0,10.0,141.0,4.0,69.0,12.0,1.0,2.0,0.0,0.0,0.0,291.0,1.0,28.0,2.0,2.0,0.0,-6.0,140.0,3.0,43.0,12.0,-2.0,-1.0,0.0,-3.0,0.0,-197.0,1.0,13.0,2.0,-3.0,inf,-37.5,14000.0,300.0,165.3846153846154,inf,-66.66666666666667,-33.333333333333336,inf,-100.0,inf,-40.36885245901639,inf,86.66666666666667,inf,-60.0
2020-10-13,0.0,60.0,23.0,16.0,76.0,2.0,0.0,10.0,1.0,0.0,0.0,443.0,0.0,10.0,0.0,19.0,0.0,50.0,-118.0,12.0,7.0,-10.0,-1.0,8.0,1.0,0.0,0.0,152.0,-1.0,-18.0,-2.0,17.0,inf,500.0,-83.68794326241135,300.0,10.144927536231885,-83.33333333333334,-100.0,400.0,inf,inf,inf,52.23367697594501,-100.0,-64.28571428571428,-100.0,850.0
2020-10-14,0.0,113.0,17.0,3.0,68.0,1.0,2.0,3.0,0.0,0.0,0.0,429.0,3.0,12.0,1.0,8.0,0.0,53.0,-6.0,-13.0,-8.0,-1.0,2.0,-7.0,-1.0,0.0,0.0,-14.0,3.0,2.0,1.0,-11.0,inf,88.33333333333333,-26.086956521739136,-81.25,-10.526315789473683,-50.0,inf,-70.0,-100.0,inf,inf,-3.160270880361171,inf,19.999999999999996,inf,-57.89473684210527
2020-10-15,0.0,31.0,16.0,52.0,150.0,11.0,2.0,0.0,0.0,0.0,2.0,304.0,4.0,10.0,1.0,6.0,0.0,-82.0,-1.0,49.0,82.0,10.0,0.0,-3.0,0.0,0.0,2.0,-125.0,1.0,-2.0,0.0,-2.0,inf,-72.56637168141593,-5.882352941176472,1633.3333333333333,120.58823529411767,1000.0,0.0,-100.0,inf,inf,inf,-29.13752913752914,33.33333333333333,-16.666666666666664,0.0,-25.0
2020-10-16,0.0,7.0,33.0,9.0,50.0,1.0,3.0,5.0,1.0,0.0,0.0,489.0,0.0,10.0,2.0,19.0,0.0,-24.0,17.0,-43.0,-100.0,-10.0,1.0,5.0,1.0,0.0,-2.0,185.0,-4.0,0.0,1.0,13.0,inf,-77.41935483870968,106.25,-82.6923076923077,-66.66666666666667,-90.9090909090909,50.0,inf,inf,inf,-100.0,60.85526315789473,-100.0,0.0,100.0,216.66666666666666
2020-10-17,0.0,38.0,189.0,4.0,159.0,1.0,1.0,2.0,0.0,3.0,0.0,451.0,4.0,15.0,2.0,0.0,0.0,31.0,156.0,-5.0,109.0,0.0,-2.0,-3.0,-1.0,3.0,0.0,-38.0,4.0,5.0,0.0,-19.0,inf,442.8571428571429,472.72727272727275,-55.55555555555556,218.00000000000003,0.0,-66.66666666666667,-60.0,-100.0,inf,inf,-7.770961145194278,inf,50.0,0.0,-100.0
2020-10-18,0.0,9.0,45.0,10.0,77.0,3.0,1.0,1.0,0.0,2.0,0.0,702.0,5.0,7.0,0.0,9.0,0.0,-29.0,-144.0,6.0,-82.0,2.0,0.0,-1.0,0.0,-1.0,0.0,251.0,1.0,-8.0,-2.0,9.0,inf,-76.31578947368422,-76.19047619047619,150.0,-51.57232704402516,200.0,0.0,-50.0,inf,-33.333333333333336,inf,55.65410199556542,25.0,-53.333333333333336,-100.0,inf
2020-10-19,0.0,3.0,26.0,18.0,107.0,4.0,16.0,2.0,1.0,1.0,0.0,643.0,0.0,7.0,3.0,34.0,0.0,-6.0,-19.0,8.0,30.0,1.0,15.0,1.0,1.0,-1.0,0.0,-59.0,-5.0,0.0,3.0,25.0,inf,-66.66666666666667,-42.22222222222223,80.0,38.96103896103895,33.33333333333333,1500.0,100.0,inf,-50.0,inf,-8.404558404558404,-100.0,0.0,inf,277.77777777777777
2020-10-20,0.0,17.0,8.0,9.0,132.0,6.0,0.0,1.0,0.0,0.0,1.0,673.0,1.0,7.0,1.0,6.0,0.0,14.0,-18.0,-9.0,25.0,2.0,-16.0,-1.0,-1.0,-1.0,1.0,30.0,1.0,0.0,-2.0,-28.0,inf,466.6666666666667,-69.23076923076923,-50.0,23.364485981308402,50.0,-100.0,-50.0,-100.0,-100.0,inf,4.665629860031095,inf,0.0,-66.66666666666667,-82.35294117647058
2020-10-21,0.0,7.0,12.0,7.0,116.0,9.0,3.0,0.0,1.0,0.0,1.0,535.0,0.0,26.0,6.0,9.0,0.0,-10.0,4.0,-2.0,-16.0,3.0,3.0,-1.0,1.0,0.0,0.0,-138.0,-1.0,19.0,5.0,3.0,inf,-58.82352941176471,50.0,-22.22222222222222,-12.121212121212121,50.0,inf,-100.0,inf,inf,0.0,-20.505200594353646,-100.0,271.42857142857144,500.0,50.0
2020-10-22,0.0,3.0,10.0,14.0,137.0,38.0,3.0,1.0,2.0,1.0,3.0,578.0,1.0,23.0,4.0,29.0,0.0,-4.0,-2.0,7.0,21.0,29.0,0.0,1.0,1.0,1.0,2.0,43.0,1.0,-3.0,-2.0,20.0,inf,-57.14285714285714,-16.666666666666664,100.0,18.10344827586208,322.22222222222223,0.0,inf,100.0,inf,200.0,8.037383177570101,inf,-11.538461538461542,-33.333333333333336,222.22222222222223
2020-10-23,0.0,1.0,39.0,4.0,62.0,37.0,0.0,4.0,1.0,2.0,0.0,528.0,2.0,11.0,0.0,19.0,0.0,-2.0,29.0,-10.0,-75.0,-1.0,-3.0,3.0,-1.0,1.0,-3.0,-50.0,1.0,-12.0,-4.0,-10.0,inf,-66.66666666666667,290.0,-71.42857142857143,-54.74452554744526,-2.631578947368418,-100.0,300.0,-50.0,100.0,-100.0,-8.650519031141869,100.0,-52.17391304347826,-100.0,-34.48275862068966
2020-10-24,0.0,76.0,23.0,10.0,76.0,96.0,3.0,7.0,0.0,0.0,0.0,889.0,8.0,19.0,0.0,21.0,0.0,75.0,-16.0,6.0,14.0,59.0,3.0,3.0,-1.0,-2.0,0.0,361.0,6.0,8.0,0.0,2.0,inf,7500.0,-41.02564102564102,150.0,22.580645161290324,159.45945945945948,inf,75.0,-100.0,-100.0,inf,68.37121212121211,300.0,72.72727272727273,inf,10.526315789473696
2020-10-25,0.0,1.0,97.0,6.0,88.0,22.0,0.0,15.0,0.0,7.0,1.0,533.0,16.0,10.0,1.0,26.0,0.0,-75.0,74.0,-4.0,12.0,-74.0,-3.0,8.0,0.0,7.0,1.0,-356.0,8.0,-9.0,1.0,5.0,inf,-98.68421052631578,321.7391304347826,-40.0,15.789473684210531,-77.08333333333334,-100.0,114.28571428571428,inf,inf,inf,-40.044994375703034,100.0,-47.36842105263158,inf,23.809523809523814
2020-10-26,0.0,3.0,61.0,8.0,177.0,25.0,2.0,4.0,0.0,3.0,0.0,927.0,7.0,17.0,0.0,6.0,0.0,2.0,-36.0,2.0,89.0,3.0,2.0,-11.0,0.0,-4.0,-1.0,394.0,-9.0,7.0,-1.0,-20.0,inf,200.0,-37.11340206185567,33.33333333333333,101.13636363636363,13.636363636363647,inf,-73.33333333333334,inf,-57.14285714285714,-100.0,73.92120075046904,-56.25,70.0,-100.0,-76.92307692307692
2020-10-27,0.0,4.0,13.0,11.0,126.0,155.0,0.0,8.0,0.0,4.0,0.0,410.0,16.0,11.0,1.0,76.0,0.0,1.0,-48.0,3.0,-51.0,130.0,-2.0,4.0,0.0,1.0,0.0,-517.0,9.0,-6.0,1.0,70.0,inf,33.33333333333333,-78.68852459016394,37.5,-28.8135593220339,520.0,-100.0,100.0,inf,33.33333333333333,inf,-55.7713052858684,128.57142857142856,-35.29411764705882,inf,1166.6666666666665
2020-10-28,0.0,28.0,19.0,6.0,89.0,24.0,0.0,8.0,0.0,11.0,0.0,546.0,27.0,14.0,0.0,29.0,0.0,24.0,6.0,-5.0,-37.0,-131.0,0.0,0.0,0.0,7.0,0.0,136.0,11.0,3.0,-1.0,-47.0,inf,600.0,46.153846153846146,-45.45454545454546,-29.36507936507936,-84.51612903225806,inf,0.0,inf,175.0,inf,33.17073170731708,68.75,27.27272727272727,-100.0,-61.8421052631579
2020-10-29,0.0,37.0,13.0,5.0,135.0,43.0,1.0,10.0,1.0,1.0,0.0,352.0,10.0,23.0,1.0,17.0,0.0,9.0,-6.0,-1.0,46.0,19.0,1.0,2.0,1.0,-10.0,0.0,-194.0,-17.0,9.0,1.0,-12.0,inf,32.14285714285714,-31.57894736842105,-16.666666666666664,51.685393258426956,79.16666666666667,inf,25.0,inf,-90.9090909090909,inf,-35.531135531135526,-62.96296296296296,64.28571428571428,inf,-41.379310344827594
2020-10-30,0.0,5.0,35.0,10.0,150.0,23.0,0.0,9.0,0.0,0.0,0.0,466.0,16.0,19.0,1.0,65.0,0.0,-32.0,22.0,5.0,15.0,-20.0,-1.0,-1.0,-1.0,-1.0,0.0,114.0,6.0,-4.0,0.0,48.0,inf,-86.48648648648648,169.23076923076925,100.0,11.111111111111116,-46.51162790697675,-100.0,-9.999999999999998,-100.0,-100.0,inf,32.38636363636365,60.00000000000001,-17.391304347826086,0.0,282.3529411764706
2020-10-31,0.0,2.0,2.0,6.0,55.0,25.0,0.0,0.0,1.0,2.0,1.0,529.0,9.0,11.0,4.0,12.0,0.0,-3.0,-33.0,-4.0,-95.0,2.0,0.0,-9.0,1.0,2.0,1.0,63.0,-7.0,-8.0,3.0,-53.0,inf,-60.0,-94.28571428571428,-40.0,-63.33333333333333,8.695652173913038,inf,-100.0,inf,inf,inf,13.519313304721026,-43.75,-42.10526315789473,300.0,-81.53846153846153
2020-01-11,0.0,1.0,23.0,5.0,225.0,8.0,1.0,1.0,0.0,15.0,0.0,644.0,11.0,4.0,1.0,18.0,0.0,-1.0,21.0,-1.0,170.0,-17.0,1.0,1.0,-1.0,13.0,-1.0,115.0,2.0,-7.0,-3.0,6.0,inf,-50.0,1050.0,-16.666666666666664,309.09090909090907,-68.0,inf,inf,-100.0,650.0,-100.0,21.739130434782616,22.222222222222232,-63.63636363636363,-75.0,50.0
2020-02-11,0.0,3.0,21.0,3.0,129.0,16.0,0.0,9.0,1.0,0.0,2.0,503.0,14.0,22.0,6.0,105.0,0.0,2.0,-2.0,-2.0,-96.0,8.0,-1.0,8.0,1.0,-15.0,2.0,-141.0,3.0,18.0,5.0,87.0,inf,200.0,-8.695652173913048,-40.0,-42.666666666666664,100.0,-100.0,800.0,inf,-100.0,inf,-21.894409937888206,27.27272727272727,450.0,500.0,483.3333333333333
2020-03-11,0.0,12.0,35.0,3.0,125.0,71.0,1.0,1.0,0.0,1.0,0.0,678.0,21.0,22.0,3.0,81.0,0.0,9.0,14.0,0.0,-4.0,55.0,1.0,-8.0,-1.0,1.0,-2.0,175.0,7.0,0.0,-3.0,-24.0,inf,300.0,66.66666666666667,0.0,-3.100775193798455,343.75,inf,-88.88888888888889,-100.0,inf,-100.0,34.79125248508945,50.0,0.0,-50.0,-22.857142857142854
2020-04-11,0.0,25.0,23.0,6.0,231.0,44.0,0.0,2.0,0.0,3.0,2.0,646.0,9.0,9.0,4.0,28.0,0.0,13.0,-12.0,3.0,106.0,-27.0,-1.0,1.0,0.0,2.0,2.0,-32.0,-12.0,-13.0,1.0,-53.0,inf,108.33333333333334,-34.285714285714285,100.0,84.80000000000001,-38.02816901408451,-100.0,100.0,inf,200.0,inf,-4.71976401179941,-57.14285714285714,-59.09090909090908,33.33333333333333,-65.4320987654321
2020-05-11,0.0,7.0,36.0,6.0,180.0,90.0,5.0,2.0,0.0,0.0,0.0,564.0,6.0,17.0,1.0,95.0,0.0,-18.0,13.0,0.0,-51.0,46.0,5.0,0.0,0.0,-3.0,-2.0,-82.0,-3.0,8.0,-3.0,67.0,inf,-72.0,56.52173913043479,0.0,-22.077922077922075,104.54545454545455,inf,0.0,inf,-100.0,-100.0,-12.693498452012387,-33.333333333333336,88.88888888888889,-75.0,239.28571428571428
2020-06-11,0.0,19.0,192.0,18.0,164.0,45.0,2.0,4.0,0.0,8.0,0.0,1199.0,18.0,18.0,9.0,59.0,0.0,12.0,156.0,12.0,-16.0,-45.0,-3.0,2.0,0.0,8.0,0.0,635.0,12.0,1.0,8.0,-36.0,inf,171.42857142857144,433.3333333333333,200.0,-8.888888888888891,-50.0,-60.0,100.0,inf,inf,inf,112.58865248226951,200.0,5.882352941176472,800.0,-37.89473684210526
2020-07-11,0.0,15.0,18.0,37.0,247.0,68.0,2.0,5.0,0.0,3.0,0.0,616.0,25.0,28.0,0.0,104.0,0.0,-4.0,-174.0,19.0,83.0,23.0,0.0,1.0,0.0,-5.0,0.0,-583.0,7.0,10.0,-9.0,45.0,inf,-21.052631578947366,-90.625,105.55555555555554,50.609756097560975,51.11111111111111,0.0,25.0,inf,-62.5,inf,-48.62385321100917,38.888888888888886,55.55555555555556,-100.0,76.27118644067797
2020-08-11,0.0,3.0,18.0,7.0,148.0,104.0,5.0,1.0,0.0,1.0,2.0,524.0,2.0,11.0,2.0,24.0,0.0,-12.0,0.0,-30.0,-99.0,36.0,3.0,-4.0,0.0,-2.0,2.0,-92.0,-23.0,-17.0,2.0,-80.0,inf,-80.0,0.0,-81.08108108108108,-40.08097165991903,52.941176470588225,150.0,-80.0,inf,-66.66666666666667,inf,-14.935064935064934,-92.0,-60.71428571428572,inf,-76.92307692307692
2020-09-11,0.0,8.0,34.0,51.0,138.0,260.0,5.0,10.0,0.0,0.0,2.0,370.0,4.0,22.0,5.0,63.0,0.0,5.0,16.0,44.0,-10.0,156.0,0.0,9.0,0.0,-1.0,0.0,-154.0,2.0,11.0,3.0,39.0,inf,166.66666666666666,88.88888888888889,628.5714285714286,-6.756756756756754,150.0,0.0,900.0,inf,-100.0,0.0,-29.389312977099237,100.0,100.0,150.0,162.5
2020-10-11,0.0,3.0,27.0,12.0,236.0,141.0,0.0,8.0,0.0,0.0,9.0,397.0,6.0,19.0,3.0,8.0,0.0,-5.0,-7.0,-39.0,98.0,-119.0,-5.0,-2.0,0.0,0.0,7.0,27.0,2.0,-3.0,-2.0,-55.0,inf,-62.5,-20.588235294117652,-76.47058823529412,71.01449275362319,-45.769230769230774,-100.0,-19.999999999999996,inf,inf,350.0,7.297297297297289,50.0,-13.636363636363635,-40.0,-87.3015873015873
2020-11-11,2.0,17.0,26.0,14.0,178.0,225.0,6.0,10.0,0.0,0.0,1.0,259.0,14.0,21.0,3.0,46.0,2.0,14.0,-1.0,2.0,-58.0,84.0,6.0,2.0,0.0,0.0,-8.0,-138.0,8.0,2.0,0.0,38.0,inf,466.6666666666667,-3.703703703703709,16.666666666666675,-24.576271186440678,59.57446808510638,inf,25.0,inf,inf,-88.88888888888889,-34.76070528967254,133.33333333333334,10.526315789473696,0.0,475.0
2020-12-11,0.0,3.0,63.0,9.0,174.0,240.0,8.0,8.0,0.0,0.0,2.0,319.0,8.0,49.0,1.0,35.0,-2.0,-14.0,37.0,-5.0,-4.0,15.0,2.0,-2.0,0.0,0.0,1.0,60.0,-6.0,28.0,-2.0,-11.0,-100.0,-82.35294117647058,142.3076923076923,-35.71428571428571,-2.2471910112359605,6.666666666666665,33.33333333333333,-19.999999999999996,inf,inf,100.0,23.166023166023166,-42.85714285714286,133.33333333333334,-66.66666666666667,-23.913043478260864
2020-11-13,0.0,5.0,42.0,13.0,364.0,83.0,13.0,3.0,0.0,0.0,5.0,556.0,13.0,202.0,1.0,4.0,0.0,2.0,-21.0,4.0,190.0,-157.0,5.0,-5.0,0.0,0.0,3.0,237.0,5.0,153.0,0.0,-31.0,inf,66.66666666666667,-33.333333333333336,44.44444444444444,109.19540229885057,-65.41666666666667,62.5,-62.5,inf,inf,150.0,74.29467084639498,62.5,312.2448979591836,0.0,-88.57142857142857
2020-11-14,0.0,10.0,34.0,53.0,200.0,371.0,6.0,15.0,0.0,0.0,5.0,391.0,4.0,13.0,4.0,8.0,0.0,5.0,-8.0,40.0,-164.0,288.0,-7.0,12.0,0.0,0.0,0.0,-165.0,-9.0,-189.0,3.0,4.0,inf,100.0,-19.047619047619047,307.6923076923077,-45.05494505494505,346.98795180722885,-53.84615384615385,400.0,inf,inf,0.0,-29.67625899280576,-69.23076923076923,-93.56435643564356,300.0,100.0
2020-11-15,1.0,8.0,42.0,21.0,185.0,48.0,2.0,9.0,0.0,0.0,1.0,381.0,4.0,475.0,1.0,30.0,1.0,-2.0,8.0,-32.0,-15.0,-323.0,-4.0,-6.0,0.0,0.0,-4.0,-10.0,0.0,462.0,-3.0,22.0,inf,-19.999999999999996,23.529411764705888,-60.37735849056604,-7.499999999999996,-87.06199460916442,-66.66666666666667,-40.0,inf,inf,-80.0,-2.5575447570332477,0.0,3553.846153846154,-75.0,275.0
2020-11-16,0.0,10.0,26.0,116.0,151.0,90.0,1.0,8.0,0.0,4.0,7.0,288.0,1.0,392.0,1.0,8.0,-1.0,2.0,-16.0,95.0,-34.0,42.0,-1.0,-1.0,0.0,4.0,6.0,-93.0,-3.0,-83.0,0.0,-22.0,-100.0,25.0,-38.095238095238095,452.38095238095235,-18.37837837837838,87.5,-50.0,-11.111111111111116,inf,inf,600.0,-24.409448818897637,-75.0,-17.47368421052632,0.0,-73.33333333333334
2020-11-17,0.0,8.0,33.0,47.0,271.0,67.0,2.0,14.0,0.0,1.0,19.0,499.0,1.0,245.0,2.0,1.0,0.0,-2.0,7.0,-69.0,120.0,-23.0,1.0,6.0,0.0,-3.0,12.0,211.0,0.0,-147.0,1.0,-7.0,inf,-19.999999999999996,26.923076923076916,-59.48275862068966,79.47019867549669,-25.555555555555554,100.0,75.0,inf,-75.0,171.42857142857144,73.26388888888889,0.0,-37.5,100.0,-87.5
2020-11-18,0.0,11.0,16.0,16.0,141.0,31.0,4.0,3.0,0.0,0.0,3.0,387.0,3.0,31.0,1.0,13.0,0.0,3.0,-17.0,-31.0,-130.0,-36.0,2.0,-11.0,0.0,-1.0,-16.0,-112.0,2.0,-214.0,-1.0,12.0,inf,37.5,-51.515151515151516,-65.95744680851064,-47.97047970479705,-53.73134328358209,100.0,-78.57142857142857,inf,-100.0,-84.21052631578947,-22.44488977955912,200.0,-87.34693877551021,-50.0,1200.0
2020-11-19,0.0,7.0,8.0,48.0,407.0,32.0,1.0,15.0,0.0,0.0,17.0,660.0,8.0,72.0,0.0,15.0,0.0,-4.0,-8.0,32.0,266.0,1.0,-3.0,12.0,0.0,0.0,14.0,273.0,5.0,41.0,-1.0,2.0,inf,-36.36363636363637,-50.0,200.0,188.65248226950354,3.2258064516129004,-75.0,400.0,inf,inf,466.6666666666667,70.54263565891472,166.66666666666666,132.25806451612905,-100.0,15.384615384615374
2020-11-20,0.0,19.0,25.0,24.0,153.0,153.0,2.0,9.0,0.0,4.0,7.0,512.0,2.0,46.0,1.0,1.0,0.0,12.0,17.0,-24.0,-254.0,121.0,1.0,-6.0,0.0,4.0,-10.0,-148.0,-6.0,-26.0,1.0,-14.0,inf,171.42857142857144,212.5,-50.0,-62.4078624078624,378.125,100.0,-40.0,inf,inf,-58.82352941176471,-22.424242424242426,-75.0,-36.111111111111114,inf,-93.33333333333333
2020-11-21,0.0,6.0,17.0,29.0,402.0,121.0,0.0,33.0,0.0,0.0,7.0,346.0,0.0,68.0,0.0,12.0,0.0,-13.0,-8.0,5.0,249.0,-32.0,-2.0,24.0,0.0,-4.0,0.0,-166.0,-2.0,22.0,-1.0,11.0,inf,-68.42105263157895,-31.999999999999996,20.833333333333325,162.7450980392157,-20.915032679738566,-100.0,266.66666666666663,inf,-100.0,0.0,-32.421875,-100.0,47.82608695652173,-100.0,1100.0
2020-11-22,1.0,16.0,15.0,55.0,603.0,29.0,5.0,9.0,0.0,0.0,8.0,311.0,0.0,30.0,1.0,13.0,1.0,10.0,-2.0,26.0,201.0,-92.0,5.0,-24.0,0.0,0.0,1.0,-35.0,0.0,-38.0,1.0,1.0,inf,166.66666666666666,-11.764705882352944,89.65517241379311,50.0,-76.03305785123968,inf,-72.72727272727273,inf,inf,14.28571428571428,-10.115606936416189,inf,-55.88235294117647,inf,8.333333333333325
2020-11-23,1.0,36.0,12.0,81.0,1203.0,41.0,0.0,15.0,0.0,0.0,9.0,289.0,0.0,196.0,1.0,0.0,0.0,20.0,-3.0,26.0,600.0,12.0,-5.0,6.0,0.0,0.0,1.0,-22.0,0.0,166.0,0.0,-13.0,0.0,125.0,-19.999999999999996,47.272727272727266,99.50248756218905,41.37931034482758,-100.0,66.66666666666667,inf,inf,12.5,-7.0739549839228255,inf,553.3333333333334,0.0,-100.0
2020-11-24,0.0,14.0,15.0,112.0,1623.0,73.0,2.0,19.0,0.0,0.0,6.0,232.0,1.0,90.0,0.0,1.0,-1.0,-22.0,3.0,31.0,420.0,32.0,2.0,4.0,0.0,0.0,-3.0,-57.0,1.0,-106.0,-1.0,1.0,-100.0,-61.111111111111114,25.0,38.271604938271594,34.91271820448878,78.04878048780488,inf,26.66666666666666,inf,inf,-33.333333333333336,-19.723183391003463,inf,-54.08163265306123,-100.0,inf
2020-11-25,0.0,24.0,14.0,80.0,115.0,318.0,1.0,30.0,2.0,1.0,8.0,293.0,2.0,44.0,1.0,37.0,0.0,10.0,-1.0,-32.0,-1508.0,245.0,-1.0,11.0,2.0,1.0,2.0,61.0,1.0,-46.0,1.0,36.0,inf,71.42857142857142,-6.666666666666665,-28.57142857142857,-92.9143561306223,335.61643835616434,-50.0,57.89473684210527,inf,inf,33.33333333333333,26.29310344827587,100.0,-51.11111111111111,inf,3600.0
2020-11-26,0.0,24.0,17.0,79.0,161.0,158.0,0.0,60.0,0.0,1.0,28.0,326.0,4.0,59.0,5.0,13.0,0.0,0.0,3.0,-1.0,46.0,-160.0,-1.0,30.0,-2.0,0.0,20.0,33.0,2.0,15.0,4.0,-24.0,inf,0.0,21.42857142857142,-1.2499999999999956,39.99999999999999,-50.314465408805034,-100.0,100.0,-100.0,0.0,250.0,11.262798634812277,100.0,34.09090909090908,400.0,-64.86486486486487
2020-11-27,0.0,25.0,64.0,42.0,175.0,167.0,0.0,33.0,3.0,0.0,5.0,441.0,0.0,154.0,0.0,0.0,0.0,1.0,47.0,-37.0,14.0,9.0,0.0,-27.0,3.0,-1.0,-23.0,115.0,-4.0,95.0,-5.0,-13.0,inf,4.166666666666674,276.4705882352941,-46.83544303797469,8.695652173913038,5.696202531645578,inf,-44.99999999999999,inf,-100.0,-82.14285714285714,35.2760736196319,-100.0,161.0169491525424,-100.0,-100.0
2020-11-28,0.0,17.0,92.0,167.0,266.0,41.0,1.0,46.0,0.0,0.0,18.0,476.0,0.0,191.0,0.0,0.0,0.0,-8.0,28.0,125.0,91.0,-126.0,1.0,13.0,-3.0,0.0,13.0,35.0,0.0,37.0,0.0,0.0,inf,-31.999999999999996,43.75,297.61904761904765,52.0,-75.44910179640718,inf,39.393939393939405,-100.0,inf,260.0,7.9365079365079305,inf,24.025974025974016,inf,inf
2020-11-29,0.0,52.0,46.0,77.0,238.0,32.0,1.0,37.0,1.0,1.0,6.0,290.0,0.0,493.0,0.0,35.0,0.0,35.0,-46.0,-90.0,-28.0,-9.0,0.0,-9.0,1.0,1.0,-12.0,-186.0,0.0,302.0,0.0,35.0,inf,205.88235294117646,-50.0,-53.89221556886228,-10.526315789473683,-21.95121951219512,0.0,-19.565217391304344,inf,inf,-66.66666666666667,-39.075630252100844,inf,158.1151832460733,inf,inf
2020-11-30,0.0,31.0,60.0,43.0,402.0,141.0,0.0,54.0,2.0,0.0,1.0,326.0,2.0,119.0,1.0,30.0,0.0,-21.0,14.0,-34.0,164.0,109.0,-1.0,17.0,1.0,-1.0,-5.0,36.0,2.0,-374.0,1.0,-5.0,inf,-40.38461538461539,30.434782608695656,-44.15584415584416,68.90756302521008,340.625,-100.0,45.945945945945944,100.0,-100.0,-83.33333333333334,12.413793103448278,inf,-75.86206896551724,inf,-14.28571428571429
2020-01-12,0.0,21.0,29.0,13.0,891.0,146.0,0.0,68.0,0.0,0.0,10.0,267.0,1.0,26.0,0.0,0.0,0.0,-10.0,-31.0,-30.0,489.0,5.0,0.0,14.0,-2.0,0.0,9.0,-59.0,-1.0,-93.0,-1.0,-30.0,inf,-32.25806451612904,-51.66666666666666,-69.76744186046511,121.6417910447761,3.546099290780136,inf,25.92592592592593,-100.0,inf,900.0,-18.09815950920245,-50.0,-78.15126050420169,-100.0,-100.0
2020-02-12,0.0,26.0,60.0,34.0,249.0,62.0,1.0,102.0,1.0,0.0,2.0,229.0,0.0,85.0,0.0,0.0,0.0,5.0,31.0,21.0,-642.0,-84.0,1.0,34.0,1.0,0.0,-8.0,-38.0,-1.0,59.0,0.0,0.0,inf,23.809523809523814,106.89655172413795,161.53846153846155,-72.05387205387206,-57.53424657534247,inf,50.0,inf,inf,-80.0,-14.232209737827716,-100.0,226.9230769230769,inf,inf
2020-03-12,0.0,32.0,43.0,26.0,459.0,52.0,2.0,78.0,4.0,1.0,9.0,310.0,1.0,49.0,0.0,9.0,0.0,6.0,-17.0,-8.0,210.0,-10.0,1.0,-24.0,3.0,1.0,7.0,81.0,1.0,-36.0,0.0,9.0,inf,23.076923076923084,-28.333333333333332,-23.529411764705888,84.33734939759037,-16.129032258064512,100.0,-23.529411764705888,300.0,inf,350.0,35.37117903930132,inf,-42.352941176470594,inf,inf
2020-04-12,1.0,24.0,48.0,47.0,320.0,15.0,0.0,69.0,15.0,0.0,20.0,320.0,1.0,256.0,2.0,3.0,1.0,-8.0,5.0,21.0,-139.0,-37.0,-2.0,-9.0,11.0,-1.0,11.0,10.0,0.0,207.0,2.0,-6.0,inf,-25.0,11.627906976744185,80.76923076923077,-30.283224400871454,-71.15384615384616,-100.0,-11.538461538461542,275.0,-100.0,122.22222222222223,3.2258064516129004,0.0,422.4489795918367,inf,-66.66666666666667
2020-05-12,0.0,30.0,44.0,39.0,221.0,10.0,5.0,66.0,2.0,0.0,35.0,391.0,1.0,265.0,4.0,10.0,-1.0,6.0,-4.0,-8.0,-99.0,-5.0,5.0,-3.0,-13.0,0.0,15.0,71.0,0.0,9.0,2.0,7.0,-100.0,25.0,-8.333333333333337,-17.021276595744684,-30.937499999999996,-33.333333333333336,inf,-4.347826086956519,-86.66666666666667,inf,75.0,22.187500000000004,0.0,3.515625,100.0,233.33333333333334
2020-06-12,0.0,17.0,31.0,108.0,337.0,258.0,3.0,125.0,4.0,1.0,2.0,250.0,0.0,178.0,0.0,21.0,0.0,-13.0,-13.0,69.0,116.0,248.0,-2.0,59.0,2.0,1.0,-33.0,-141.0,-1.0,-87.0,-4.0,11.0,inf,-43.333333333333336,-29.54545454545454,176.9230769230769,52.48868778280542,2480.0,-40.0,89.3939393939394,100.0,inf,-94.28571428571428,-36.0613810741688,-100.0,-32.83018867924529,-100.0,110.00000000000001
2020-07-12,0.0,18.0,55.0,54.0,426.0,541.0,1.0,98.0,1.0,0.0,3.0,248.0,2.0,148.0,0.0,5.0,0.0,1.0,24.0,-54.0,89.0,283.0,-2.0,-27.0,-3.0,-1.0,1.0,-2.0,2.0,-30.0,0.0,-16.0,inf,5.882352941176472,77.41935483870968,-50.0,26.409495548961416,109.68992248062017,-66.66666666666667,-21.599999999999998,-75.0,-100.0,50.0,-0.8000000000000007,inf,-16.85393258426966,inf,-76.19047619047619
2020-08-12,0.0,10.0,18.0,29.0,417.0,23.0,0.0,108.0,33.0,0.0,2.0,271.0,2.0,98.0,1.0,0.0,0.0,-8.0,-37.0,-25.0,-9.0,-518.0,-1.0,10.0,32.0,0.0,-1.0,23.0,0.0,-50.0,1.0,-5.0,inf,-44.44444444444444,-67.27272727272727,-46.29629629629629,-2.1126760563380254,-95.74861367837339,-100.0,10.20408163265305,3200.0,inf,-33.333333333333336,9.2741935483871,0.0,-33.78378378378378,inf,-100.0
2020-09-12,0.0,16.0,29.0,33.0,277.0,33.0,2.0,100.0,119.0,0.0,17.0,203.0,0.0,129.0,0.0,1.0,0.0,6.0,11.0,4.0,-140.0,10.0,2.0,-8.0,86.0,0.0,15.0,-68.0,-2.0,31.0,-1.0,1.0,inf,60.00000000000001,61.111111111111114,13.793103448275868,-33.573141486810556,43.47826086956521,inf,-7.4074074074074066,260.6060606060606,inf,750.0,-25.09225092250923,-100.0,31.63265306122449,-100.0,inf
2020-10-12,0.0,14.0,42.0,115.0,1428.0,67.0,5.0,100.0,45.0,3.0,3.0,274.0,1.0,136.0,1.0,0.0,0.0,-2.0,13.0,82.0,1151.0,34.0,3.0,0.0,-74.0,3.0,-14.0,71.0,1.0,7.0,1.0,-1.0,inf,-12.5,44.827586206896555,248.4848484848485,415.52346570397117,103.03030303030303,150.0,0.0,-62.18487394957983,inf,-82.35294117647058,34.97536945812807,inf,5.4263565891472965,inf,-100.0
2020-11-12,0.0,22.0,34.0,12.0,829.0,64.0,5.0,69.0,96.0,2.0,2.0,532.0,1.0,132.0,2.0,8.0,0.0,8.0,-8.0,-103.0,-599.0,-3.0,0.0,-31.0,51.0,-1.0,-1.0,258.0,0.0,-4.0,1.0,8.0,inf,57.14285714285714,-19.047619047619047,-89.56521739130436,-41.94677871148459,-4.477611940298509,0.0,-31.000000000000007,113.33333333333333,-33.333333333333336,-33.333333333333336,94.16058394160585,0.0,-2.941176470588236,100.0,inf
2020-12-12,0.0,16.0,102.0,62.0,823.0,49.0,15.0,105.0,79.0,6.0,1.0,429.0,1.0,238.0,0.0,11.0,0.0,-6.0,68.0,50.0,-6.0,-15.0,10.0,36.0,-17.0,4.0,-1.0,-103.0,0.0,106.0,-2.0,3.0,inf,-27.27272727272727,200.0,416.6666666666667,-0.7237635705669487,-23.4375,200.0,52.17391304347827,-17.708333333333336,200.0,-50.0,-19.3609022556391,0.0,80.3030303030303,-100.0,37.5
2020-12-13,1.0,13.0,26.0,105.0,435.0,29.0,7.0,103.0,28.0,12.0,0.0,333.0,0.0,131.0,0.0,6.0,1.0,-3.0,-76.0,43.0,-388.0,-20.0,-8.0,-2.0,-51.0,6.0,-1.0,-96.0,-1.0,-107.0,0.0,-5.0,inf,-18.75,-74.50980392156863,69.35483870967742,-47.1445929526124,-40.816326530612244,-53.333333333333336,-1.904761904761909,-64.55696202531645,100.0,-100.0,-22.377622377622373,-100.0,-44.95798319327731,inf,-45.45454545454546
2020-12-14,0.0,5.0,31.0,62.0,532.0,260.0,1.0,45.0,0.0,9.0,2.0,283.0,0.0,124.0,1.0,16.0,-1.0,-8.0,5.0,-43.0,97.0,231.0,-6.0,-58.0,-28.0,-3.0,2.0,-50.0,0.0,-7.0,1.0,10.0,-100.0,-61.53846153846154,19.23076923076923,-40.95238095238095,22.298850574712638,796.5517241379309,-85.71428571428572,-56.310679611650485,-100.0,-25.0,inf,-15.01501501501501,inf,-5.343511450381677,inf,166.66666666666666
2020-12-15,0.0,20.0,34.0,110.0,503.0,67.0,5.0,48.0,8.0,7.0,3.0,260.0,0.0,696.0,0.0,11.0,0.0,15.0,3.0,48.0,-29.0,-193.0,4.0,3.0,8.0,-2.0,1.0,-23.0,0.0,572.0,-1.0,-5.0,inf,300.0,9.677419354838701,77.41935483870968,-5.451127819548873,-74.23076923076923,400.0,6.666666666666665,inf,-22.22222222222222,50.0,-8.127208480565374,inf,461.2903225806452,-100.0,-31.25
2020-12-16,0.0,9.0,69.0,35.0,481.0,60.0,14.0,105.0,13.0,1.0,1.0,268.0,0.0,232.0,4.0,3.0,0.0,-11.0,35.0,-75.0,-22.0,-7.0,9.0,57.0,5.0,-6.0,-2.0,8.0,0.0,-464.0,4.0,-8.0,inf,-55.00000000000001,102.94117647058823,-68.18181818181819,-4.3737574552683895,-10.447761194029848,179.99999999999997,118.75,62.5,-85.71428571428572,-66.66666666666667,3.076923076923066,inf,-66.66666666666667,inf,-72.72727272727273
2020-12-17,0.0,9.0,80.0,41.0,368.0,33.0,98.0,67.0,4.0,2.0,10.0,184.0,9.0,297.0,2.0,16.0,0.0,0.0,11.0,6.0,-113.0,-27.0,84.0,-38.0,-9.0,1.0,9.0,-84.0,9.0,65.0,-2.0,13.0,inf,0.0,15.94202898550725,17.14285714285715,-23.49272349272349,-44.99999999999999,600.0,-36.1904761904762,-69.23076923076923,100.0,900.0,-31.343283582089555,inf,28.01724137931034,-50.0,433.3333333333333
2020-12-18,0.0,4.0,37.0,65.0,692.0,174.0,140.0,77.0,6.0,4.0,1.0,260.0,1.0,197.0,6.0,19.0,0.0,-5.0,-43.0,24.0,324.0,141.0,42.0,10.0,2.0,2.0,-9.0,76.0,-8.0,-100.0,4.0,3.0,inf,-55.55555555555556,-53.75,58.53658536585367,88.04347826086956,427.27272727272725,42.85714285714286,14.925373134328357,50.0,100.0,-90.0,41.30434782608696,-88.88888888888889,-33.670033670033675,200.0,18.75
2020-12-19,0.0,13.0,30.0,82.0,401.0,18.0,3.0,75.0,16.0,0.0,10.0,199.0,2.0,281.0,4.0,19.0,0.0,9.0,-7.0,17.0,-291.0,-156.0,-137.0,-2.0,10.0,-4.0,9.0,-61.0,1.0,84.0,-2.0,0.0,inf,225.0,-18.918918918918916,26.15384615384615,-42.052023121387286,-89.65517241379311,-97.85714285714285,-2.5974025974025983,166.66666666666666,-100.0,900.0,-23.461538461538467,100.0,42.639593908629436,-33.333333333333336,0.0
2020-12-20,0.0,6.0,30.0,10.0,441.0,169.0,1.0,156.0,12.0,2.0,1.0,196.0,3.0,284.0,2.0,27.0,0.0,-7.0,0.0,-72.0,40.0,151.0,-2.0,81.0,-4.0,2.0,-9.0,-3.0,1.0,3.0,-2.0,8.0,inf,-53.84615384615385,0.0,-87.8048780487805,9.975062344139651,838.8888888888889,-66.66666666666667,108.0,-25.0,inf,-90.0,-1.5075376884422065,50.0,1.067615658362997,-50.0,42.10526315789473
2020-12-21,0.0,3.0,18.0,21.0,1204.0,58.0,9.0,278.0,12.0,1.0,6.0,247.0,0.0,127.0,5.0,29.0,0.0,-3.0,-12.0,11.0,763.0,-111.0,8.0,122.0,0.0,-1.0,5.0,51.0,-3.0,-157.0,3.0,2.0,inf,-50.0,-40.0,110.00000000000001,173.015873015873,-65.68047337278107,800.0,78.20512820512822,0.0,-50.0,500.0,26.020408163265294,-100.0,-55.28169014084507,150.0,7.407407407407418
2020-12-22,0.0,5.0,23.0,17.0,1014.0,57.0,9.0,167.0,6.0,0.0,4.0,252.0,0.0,504.0,2.0,2.0,0.0,2.0,5.0,-4.0,-190.0,-1.0,0.0,-111.0,-6.0,-1.0,-2.0,5.0,0.0,377.0,-3.0,-27.0,inf,66.66666666666667,27.777777777777768,-19.047619047619047,-15.780730897009965,-1.7241379310344862,0.0,-39.92805755395683,-50.0,-100.0,-33.333333333333336,2.0242914979757165,inf,296.85039370078744,-60.0,-93.10344827586206
2020-12-23,0.0,14.0,43.0,8.0,535.0,31.0,124.0,118.0,45.0,1.0,4.0,189.0,4.0,226.0,4.0,2.0,0.0,9.0,20.0,-9.0,-479.0,-26.0,115.0,-49.0,39.0,1.0,0.0,-63.0,4.0,-278.0,2.0,0.0,inf,179.99999999999997,86.95652173913044,-52.94117647058824,-47.238658777120314,-45.614035087719294,1277.7777777777778,-29.34131736526946,650.0,inf,0.0,-25.0,inf,-55.158730158730165,100.0,0.0
2020-12-24,0.0,4.0,37.0,26.0,491.0,144.0,76.0,115.0,12.0,7.0,9.0,249.0,2.0,379.0,4.0,26.0,0.0,-10.0,-6.0,18.0,-44.0,113.0,-48.0,-3.0,-33.0,6.0,5.0,60.0,-2.0,153.0,0.0,24.0,inf,-71.42857142857143,-13.953488372093027,225.0,-8.22429906542056,364.5161290322581,-38.70967741935484,-2.5423728813559365,-73.33333333333334,600.0,125.0,31.746031746031743,-50.0,67.69911504424779,0.0,1200.0
2020-12-25,0.0,0.0,25.0,55.0,461.0,89.0,14.0,205.0,11.0,0.0,4.0,225.0,3.0,140.0,7.0,8.0,0.0,-4.0,-12.0,29.0,-30.0,-55.0,-62.0,90.0,-1.0,-7.0,-5.0,-24.0,1.0,-239.0,3.0,-18.0,inf,-100.0,-32.432432432432435,111.53846153846155,-6.109979633401219,-38.19444444444444,-81.57894736842105,78.26086956521738,-8.333333333333337,-100.0,-55.55555555555556,-9.638554216867467,50.0,-63.06068601583114,75.0,-69.23076923076923
2020-12-26,1.0,16.0,58.0,26.0,710.0,33.0,5.0,412.0,19.0,0.0,54.0,248.0,6.0,728.0,3.0,16.0,1.0,16.0,33.0,-29.0,249.0,-56.0,-9.0,207.0,8.0,0.0,50.0,23.0,3.0,588.0,-4.0,8.0,inf,inf,131.99999999999997,-52.727272727272734,54.01301518438177,-62.92134831460674,-64.28571428571428,100.97560975609755,72.72727272727273,inf,1250.0,10.222222222222221,100.0,420.0,-57.14285714285714,100.0
2020-12-27,0.0,27.0,37.0,30.0,392.0,39.0,23.0,194.0,9.0,5.0,31.0,186.0,3.0,202.0,6.0,12.0,-1.0,11.0,-21.0,4.0,-318.0,6.0,18.0,-218.0,-10.0,5.0,-23.0,-62.0,-3.0,-526.0,3.0,-4.0,-100.0,68.75,-36.206896551724135,15.384615384615374,-44.78873239436619,18.181818181818187,359.99999999999994,-52.9126213592233,-52.63157894736843,inf,-42.592592592592595,-25.0,-50.0,-72.25274725274726,100.0,-25.0
2020-12-28,0.0,12.0,69.0,47.0,697.0,160.0,14.0,191.0,11.0,3.0,28.0,157.0,2.0,196.0,9.0,0.0,0.0,-15.0,32.0,17.0,305.0,121.0,-9.0,-3.0,2.0,-2.0,-3.0,-29.0,-1.0,-6.0,3.0,-12.0,inf,-55.55555555555556,86.48648648648648,56.666666666666664,77.8061224489796,310.2564102564102,-39.13043478260869,-1.546391752577314,22.222222222222232,-40.0,-9.677419354838712,-15.591397849462362,-33.333333333333336,-2.970297029702973,50.0,-100.0
2020-12-29,0.0,8.0,57.0,17.0,747.0,60.0,9.0,110.0,288.0,2.0,31.0,230.0,4.0,358.0,2.0,0.0,0.0,-4.0,-12.0,-30.0,50.0,-100.0,-5.0,-81.0,277.0,-1.0,3.0,73.0,2.0,162.0,-7.0,0.0,inf,-33.333333333333336,-17.391304347826086,-63.829787234042556,7.173601147776187,-62.5,-35.71428571428571,-42.40837696335078,2518.1818181818185,-33.333333333333336,10.71428571428572,46.49681528662419,100.0,82.65306122448979,-77.77777777777779,inf
2020-12-30,0.0,23.0,69.0,48.0,472.0,34.0,8.0,607.0,48.0,2.0,56.0,280.0,1.0,219.0,1.0,2.0,0.0,15.0,12.0,31.0,-275.0,-26.0,-1.0,497.0,-240.0,0.0,25.0,50.0,-3.0,-139.0,-1.0,2.0,inf,187.5,21.052631578947366,182.3529411764706,-36.813922356091034,-43.333333333333336,-11.111111111111116,451.81818181818187,-83.33333333333334,0.0,80.64516129032258,21.739130434782616,-75.0,-38.8268156424581,-50.0,inf
2020-12-31,0.0,24.0,92.0,33.0,1205.0,78.0,239.0,194.0,15.0,17.0,37.0,299.0,2.0,222.0,5.0,63.0,0.0,1.0,23.0,-15.0,733.0,44.0,231.0,-413.0,-33.0,15.0,-19.0,19.0,1.0,3.0,4.0,61.0,inf,4.347826086956519,33.33333333333333,-31.25,155.29661016949152,129.41176470588235,2887.5,-68.03953871499176,-68.75,750.0,-33.92857142857143,6.785714285714284,100.0,1.3698630136986356,400.0,3050.0
2021-01-01,0.0,20.0,226.0,51.0,776.0,51.0,23.0,112.0,16.0,14.0,53.0,254.0,8.0,457.0,4.0,3.0,0.0,-4.0,134.0,18.0,-429.0,-27.0,-216.0,-82.0,1.0,-3.0,16.0,-45.0,6.0,235.0,-1.0,-60.0,inf,-16.666666666666664,145.65217391304347,54.54545454545454,-35.60165975103734,-34.61538461538461,-90.3765690376569,-42.26804123711341,6.666666666666665,-17.647058823529417,43.24324324324324,-15.050167224080269,300.0,105.85585585585586,-19.999999999999996,-95.23809523809523
2021-02-01,0.0,47.0,288.0,12.0,638.0,131.0,95.0,580.0,29.0,16.0,26.0,259.0,5.0,156.0,12.0,1.0,0.0,27.0,62.0,-39.0,-138.0,80.0,72.0,468.0,13.0,2.0,-27.0,5.0,-3.0,-301.0,8.0,-2.0,inf,135.0,27.43362831858407,-76.47058823529412,-17.78350515463918,156.86274509803923,313.0434782608695,417.8571428571429,81.25,14.28571428571428,-50.943396226415096,1.9685039370078705,-37.5,-65.86433260393873,200.0,-66.66666666666667
2021-03-01,0.0,53.0,103.0,75.0,673.0,72.0,6.0,179.0,21.0,4.0,47.0,316.0,10.0,112.0,17.0,16.0,0.0,6.0,-185.0,63.0,35.0,-59.0,-89.0,-401.0,-8.0,-12.0,21.0,57.0,5.0,-44.0,5.0,15.0,inf,12.765957446808507,-64.23611111111111,525.0,5.4858934169278895,-45.038167938931295,-93.6842105263158,-69.13793103448276,-27.586206896551722,-75.0,80.76923076923077,22.00772200772201,100.0,-28.205128205128204,41.66666666666667,1500.0
2021-04-01,1.0,45.0,55.0,34.0,687.0,56.0,34.0,295.0,12.0,4.0,50.0,303.0,8.0,150.0,6.0,1.0,1.0,-8.0,-48.0,-41.0,14.0,-16.0,28.0,116.0,-9.0,0.0,3.0,-13.0,-2.0,38.0,-11.0,-15.0,inf,-15.094339622641506,-46.601941747572816,-54.666666666666664,2.080237741456159,-22.22222222222222,466.6666666666667,64.80446927374301,-42.85714285714286,0.0,6.382978723404253,-4.113924050632911,-19.999999999999996,33.928571428571416,-64.70588235294117,-93.75
2021-05-01,0.0,47.0,60.0,25.0,509.0,98.0,21.0,428.0,25.0,13.0,42.0,383.0,13.0,313.0,13.0,37.0,-1.0,2.0,5.0,-9.0,-178.0,42.0,-13.0,133.0,13.0,9.0,-8.0,80.0,5.0,163.0,7.0,36.0,-100.0,4.444444444444451,9.090909090909083,-26.470588235294112,-25.90975254730713,75.0,-38.23529411764706,45.08474576271186,108.33333333333334,225.0,-16.000000000000004,26.40264026402641,62.5,108.66666666666664,116.66666666666666,3600.0
2021-06-01,0.0,42.0,77.0,34.0,965.0,125.0,13.0,571.0,11.0,19.0,43.0,405.0,5.0,265.0,9.0,9.0,0.0,-5.0,17.0,9.0,456.0,27.0,-8.0,143.0,-14.0,6.0,1.0,22.0,-8.0,-48.0,-4.0,-28.0,inf,-10.63829787234043,28.333333333333343,36.00000000000001,89.58742632612966,27.55102040816326,-38.095238095238095,33.41121495327102,-56.00000000000001,46.153846153846146,2.3809523809523725,5.744125326370764,-61.53846153846154,-15.335463258785943,-30.76923076923077,-75.67567567567568
2021-07-01,0.0,30.0,111.0,59.0,706.0,63.0,11.0,1103.0,25.0,10.0,66.0,493.0,14.0,699.0,17.0,3.0,0.0,-12.0,34.0,25.0,-259.0,-62.0,-2.0,532.0,14.0,-9.0,23.0,88.0,9.0,434.0,8.0,-6.0,inf,-28.57142857142857,44.15584415584415,73.52941176470588,-26.839378238341972,-49.6,-15.384615384615385,93.16987740805604,127.2727272727273,-47.36842105263158,53.48837209302326,21.72839506172839,179.99999999999997,163.77358490566039,88.88888888888889,-66.66666666666667
2021-08-01,3.0,107.0,75.0,80.0,1086.0,88.0,70.0,298.0,28.0,34.0,49.0,401.0,16.0,101.0,20.0,6.0,3.0,77.0,-36.0,21.0,380.0,25.0,59.0,-805.0,3.0,24.0,-17.0,-92.0,2.0,-598.0,3.0,3.0,inf,256.6666666666667,-32.432432432432435,35.593220338983045,53.82436260623229,39.68253968253968,536.3636363636364,-72.98277425203989,12.00000000000001,240.0,-25.757575757575758,-18.661257606490878,14.28571428571428,-85.55078683834049,17.647058823529417,100.0
2021-09-01,8.0,65.0,273.0,42.0,564.0,351.0,50.0,302.0,36.0,16.0,61.0,409.0,55.0,198.0,17.0,4.0,5.0,-42.0,198.0,-38.0,-522.0,263.0,-20.0,4.0,8.0,-18.0,12.0,8.0,39.0,97.0,-3.0,-2.0,166.66666666666666,-39.252336448598136,264.0,-47.5,-48.06629834254144,298.8636363636364,-28.57142857142857,1.342281879194629,28.57142857142858,-52.94117647058824,24.489795918367353,1.9950124688279391,243.75,96.03960396039604,-15.000000000000002,-33.333333333333336
2021-10-01,5.0,71.0,189.0,80.0,730.0,144.0,35.0,321.0,41.0,29.0,103.0,403.0,24.0,231.0,10.0,17.0,-3.0,6.0,-84.0,38.0,166.0,-207.0,-15.0,19.0,5.0,13.0,42.0,-6.0,-31.0,33.0,-7.0,13.0,-37.5,9.23076923076922,-30.76923076923077,90.47619047619047,29.432624113475182,-58.97435897435898,-30.000000000000004,6.29139072847682,13.888888888888884,81.25,68.85245901639345,-1.4669926650366705,-56.363636363636374,16.666666666666675,-41.17647058823529,325.0
2021-11-01,3.0,40.0,112.0,51.0,557.0,102.0,37.0,396.0,46.0,41.0,95.0,374.0,153.0,204.0,13.0,8.0,-2.0,-31.0,-77.0,-29.0,-173.0,-42.0,2.0,75.0,5.0,12.0,-8.0,-29.0,129.0,-27.0,3.0,-9.0,-40.0,-43.66197183098591,-40.74074074074075,-36.25000000000001,-23.6986301369863,-29.166666666666664,5.714285714285716,23.364485981308402,12.195121951219523,41.37931034482758,-7.7669902912621325,-7.196029776674939,537.5,-11.688311688311693,30.000000000000004,-52.94117647058824
